CREATE DATABASE  IF NOT EXISTS `power_link` /*!40100 DEFAULT CHARACTER SET utf8mb4 COLLATE utf8mb4_general_ci */;
USE `power_link`;
-- MySQL dump 10.13  Distrib 8.0.38, for Win64 (x86_64)
--
-- Host: localhost    Database: power_link
-- ------------------------------------------------------
-- Server version	5.5.5-10.11.11-MariaDB-0+deb12u1

/*!40101 SET @OLD_CHARACTER_SET_CLIENT=@@CHARACTER_SET_CLIENT */;
/*!40101 SET @OLD_CHARACTER_SET_RESULTS=@@CHARACTER_SET_RESULTS */;
/*!40101 SET @OLD_COLLATION_CONNECTION=@@COLLATION_CONNECTION */;
/*!50503 SET NAMES utf8 */;
/*!40103 SET @OLD_TIME_ZONE=@@TIME_ZONE */;
/*!40103 SET TIME_ZONE='+00:00' */;
/*!40014 SET @OLD_UNIQUE_CHECKS=@@UNIQUE_CHECKS, UNIQUE_CHECKS=0 */;
/*!40014 SET @OLD_FOREIGN_KEY_CHECKS=@@FOREIGN_KEY_CHECKS, FOREIGN_KEY_CHECKS=0 */;
/*!40101 SET @OLD_SQL_MODE=@@SQL_MODE, SQL_MODE='NO_AUTO_VALUE_ON_ZERO' */;
/*!40111 SET @OLD_SQL_NOTES=@@SQL_NOTES, SQL_NOTES=0 */;

--
-- Table structure for table `component_logs`
--

DROP TABLE IF EXISTS `component_logs`;
/*!40101 SET @saved_cs_client     = @@character_set_client */;
/*!50503 SET character_set_client = utf8mb4 */;
CREATE TABLE `component_logs` (
  `log_id` int(11) NOT NULL AUTO_INCREMENT,
  `datetime` datetime NOT NULL DEFAULT current_timestamp(),
  `value` float NOT NULL,
  `component_id` int(11) NOT NULL,
  PRIMARY KEY (`log_id`),
  UNIQUE KEY `history_id_UNIQUE` (`log_id`),
  KEY `fk1_component_id_idx` (`component_id`),
  CONSTRAINT `fk1_component_id` FOREIGN KEY (`component_id`) REFERENCES `components` (`component_id`) ON DELETE NO ACTION ON UPDATE NO ACTION
) ENGINE=InnoDB AUTO_INCREMENT=3894 DEFAULT CHARSET=utf8mb4 COLLATE=utf8mb4_general_ci;
/*!40101 SET character_set_client = @saved_cs_client */;

--
-- Dumping data for table `component_logs`
--

LOCK TABLES `component_logs` WRITE;
/*!40000 ALTER TABLE `component_logs` DISABLE KEYS */;
INSERT INTO `component_logs` VALUES (1,'2025-05-01 09:15:23',75,1),(2,'2025-05-02 14:32:45',40,2),(3,'2025-05-03 07:19:08',60,3),(4,'2025-05-04 22:41:56',30,4),(5,'2025-05-05 11:05:34',20,5),(6,'2025-05-06 03:27:19',1,6),(7,'2025-05-07 16:53:42',0,7),(8,'2025-05-08 19:12:07',1,8),(9,'2025-05-09 04:38:51',1,9),(10,'2025-05-10 13:46:29',0,10),(11,'2025-05-11 08:09:14',50,11),(12,'2025-05-12 15:22:33',80,12),(13,'2025-05-13 06:47:55',0.18,13),(14,'2025-05-14 23:04:16',0.09,14),(15,'2025-05-15 10:29:38',1.9,15),(16,'2025-05-16 02:51:47',0.6,16),(17,'2025-05-17 17:13:25',1.2,17),(18,'2025-05-18 20:36:09',0.9,18),(19,'2025-05-19 05:58:43',65,1),(20,'2025-05-20 12:21:04',55,2),(21,'2025-05-21 07:43:26',45,3),(22,'2025-05-22 14:06:48',70,4),(23,'2025-05-23 01:28:57',15,5),(24,'2025-05-24 18:51:19',0,6),(25,'2025-05-25 09:14:41',1,7),(26,'2025-05-26 03:37:02',0,8),(27,'2025-05-27 11:59:24',1,9),(28,'2025-05-01 21:22:46',0,10),(29,'2025-05-02 06:45:08',60,11),(30,'2025-05-03 13:07:29',25,12),(31,'2025-05-04 08:29:51',0.24,13),(32,'2025-05-05 15:52:13',0.15,14),(33,'2025-05-06 23:14:35',2.2,15),(34,'2025-05-07 04:36:57',0.4,16),(35,'2025-05-08 11:59:19',1.5,17),(36,'2025-05-09 02:21:41',1,18),(37,'2025-05-10 17:44:02',80,1),(38,'2025-05-11 20:06:24',35,2),(39,'2025-05-12 05:28:46',50,3),(40,'2025-05-13 12:51:08',25,4),(41,'2025-05-14 07:13:29',10,5),(42,'2025-05-15 14:35:51',1,6),(43,'2025-05-16 01:58:13',0,7),(44,'2025-05-17 19:20:35',0,8),(45,'2025-05-18 09:42:57',1,9),(46,'2025-05-19 03:05:19',1,10),(47,'2025-05-20 16:27:41',70,11),(48,'2025-05-21 22:50:02',90,12),(49,'2025-05-22 06:12:24',0.12,13),(50,'2025-05-23 13:34:46',0.21,14),(51,'2025-05-24 08:57:08',1.3,15),(52,'2025-05-25 15:19:29',0.8,16),(53,'2025-05-26 01:41:51',0.9,17),(54,'2025-05-27 09:04:13',1.4,18),(55,'2025-05-01 14:26:35',55,1),(56,'2025-05-02 21:48:57',60,2),(57,'2025-05-03 07:11:19',40,3),(58,'2025-05-04 14:33:41',65,4),(59,'2025-05-05 02:56:02',30,5),(60,'2025-05-06 09:18:24',0,6),(61,'2025-05-07 16:40:46',1,7),(62,'2025-05-08 23:03:08',0,8),(63,'2025-05-09 05:25:29',1,9),(64,'2025-05-10 12:47:51',0,10),(65,'2025-05-11 19:10:13',45,11),(66,'2025-05-12 01:32:35',70,12),(67,'2025-05-13 08:54:57',0.27,13),(68,'2025-05-14 15:17:19',0.06,14),(69,'2025-05-15 22:39:41',1.7,15),(70,'2025-05-16 05:02:02',0.5,16),(71,'2025-05-17 12:24:24',1.1,17),(72,'2025-05-18 18:46:46',0.7,18),(73,'2025-05-19 01:09:08',70,1),(74,'2025-05-20 08:31:29',45,2),(75,'2025-05-21 14:53:51',55,3),(76,'2025-05-22 21:16:13',20,4),(77,'2025-05-23 03:38:35',25,5),(78,'2025-05-24 10:00:57',0,6),(79,'2025-05-25 16:23:19',1,7),(80,'2025-05-26 22:45:41',0,8),(81,'2025-05-27 05:08:02',1,9),(82,'2025-05-01 11:30:24',0,10),(83,'2025-05-02 17:52:46',65,11),(84,'2025-05-03 00:15:08',35,12),(85,'2025-05-04 06:37:29',0.15,13),(86,'2025-05-05 13:59:51',0.18,14),(87,'2025-05-06 20:22:13',2,15),(88,'2025-05-07 02:44:35',0.9,16),(89,'2025-05-08 09:06:57',1.8,17),(90,'2025-05-09 15:29:19',1.2,18),(91,'2025-05-10 21:51:41',60,1),(92,'2025-05-11 04:14:02',50,2),(93,'2025-05-12 10:36:24',70,3),(94,'2025-05-13 16:58:46',40,4),(95,'2025-05-14 23:21:08',15,5),(96,'2025-05-15 05:43:29',1,6),(97,'2025-05-16 12:05:51',0,7),(98,'2025-05-17 18:28:13',1,8),(99,'2025-05-18 00:50:35',0,9),(100,'2025-05-19 07:12:57',0,10),(101,'2025-05-30 20:21:25',100,7),(102,'2025-05-30 20:26:24',1,8),(103,'2025-05-30 20:26:24',1,8),(104,'2025-05-30 20:26:25',0,8),(105,'2025-05-30 20:26:25',100,7),(106,'2025-05-30 20:26:50',100,7),(107,'2025-05-30 20:29:15',1,7),(108,'2025-05-30 20:29:15',100,4),(109,'2025-05-30 20:33:08',1,7),(110,'2025-05-30 20:33:08',100,4),(111,'2025-05-30 20:33:59',100,4),(112,'2025-05-30 20:33:59',100,4),(113,'2025-05-30 20:33:59',100,4),(114,'2025-05-30 20:33:59',100,4),(115,'2025-05-30 20:33:59',100,4),(116,'2025-05-30 20:33:59',100,4),(117,'2025-05-30 20:33:59',100,4),(118,'2025-05-30 20:34:00',100,4),(119,'2025-05-30 20:34:00',100,4),(120,'2025-05-30 20:34:00',100,4),(121,'2025-05-30 20:34:00',100,4),(122,'2025-05-30 20:34:05',1,7),(123,'2025-05-30 20:34:05',0,4),(124,'2025-05-30 20:34:18',100,4),(125,'2025-05-30 20:34:18',100,4),(126,'2025-05-30 20:34:18',100,4),(127,'2025-05-30 20:34:18',100,4),(128,'2025-05-30 20:34:18',100,4),(129,'2025-05-30 20:34:18',100,4),(130,'2025-05-30 20:34:18',100,4),(131,'2025-05-30 20:34:18',100,4),(132,'2025-05-30 20:34:18',100,4),(133,'2025-05-30 20:34:19',100,4),(134,'2025-05-30 20:34:19',100,4),(135,'2025-05-30 20:34:24',1,7),(136,'2025-05-30 20:34:24',0,4),(137,'2025-05-30 20:35:03',1,7),(138,'2025-05-30 20:35:03',100,4),(139,'2025-05-30 20:35:03',0,4),(140,'2025-05-30 20:36:40',1,8),(141,'2025-05-30 20:36:40',1,8),(142,'2025-05-30 20:36:40',0,8),(143,'2025-05-30 20:36:44',1,8),(144,'2025-05-30 20:36:44',1,8),(145,'2025-05-30 20:36:54',0,8),(146,'2025-05-30 20:45:41',0,5),(147,'2025-05-30 20:45:45',0,5),(148,'2025-05-30 20:46:00',1,5),(149,'2025-05-30 20:46:01',0,5),(150,'2025-05-30 20:46:11',1,5),(151,'2025-05-30 20:46:13',0,5),(152,'2025-05-30 20:46:13',1,5),(153,'2025-05-30 20:46:19',0,5),(154,'2025-05-30 20:46:19',1,5),(155,'2025-05-30 20:46:19',0,5),(156,'2025-05-30 20:46:20',1,5),(157,'2025-05-30 20:46:21',0,5),(158,'2025-05-30 20:46:21',1,5),(159,'2025-05-30 20:46:21',0,5),(160,'2025-05-30 20:46:21',1,5),(161,'2025-05-30 20:46:28',0,5),(162,'2025-05-30 20:47:50',0,5),(163,'2025-05-30 20:47:50',56,12),(164,'2025-05-30 20:48:03',100,5),(165,'2025-05-30 20:48:03',78,12),(166,'2025-05-30 20:48:08',0,5),(167,'2025-05-30 20:48:08',72,12),(168,'2025-05-30 20:48:08',100,5),(169,'2025-05-30 20:48:08',79,12),(170,'2025-05-30 20:48:09',0,5),(171,'2025-05-30 20:48:09',72,12),(172,'2025-05-30 20:48:09',100,5),(173,'2025-05-30 20:48:09',80,12),(174,'2025-05-30 20:48:09',0,5),(175,'2025-05-30 20:48:09',70,12),(176,'2025-05-30 20:48:09',100,5),(177,'2025-05-30 20:48:09',80,12),(178,'2025-05-30 20:48:10',0,5),(179,'2025-05-30 20:48:10',75,12),(180,'2025-05-30 20:48:10',100,5),(181,'2025-05-30 20:48:10',80,12),(182,'2025-05-30 20:48:15',0,5),(183,'2025-05-30 20:48:15',75,12),(184,'2025-05-30 20:48:15',100,5),(185,'2025-05-30 20:48:15',79,12),(186,'2025-05-30 20:48:16',0,5),(187,'2025-05-30 20:48:16',69,12),(188,'2025-05-30 20:48:16',100,5),(189,'2025-05-30 20:48:16',80,12),(190,'2025-05-30 20:48:24',0,5),(191,'2025-05-30 20:48:24',65,12),(192,'2025-05-30 20:50:17',1,8),(193,'2025-05-30 20:50:17',100,3),(194,'2025-05-30 20:50:17',1,8),(195,'2025-05-30 20:50:36',0,8),(196,'2025-05-30 20:50:36',100,3),(197,'2025-05-30 20:54:11',0,5),(198,'2025-05-30 20:54:11',71,12),(199,'2025-05-30 20:54:42',0,5),(200,'2025-05-30 20:54:42',71,12),(201,'2025-05-30 20:56:19',0,5),(202,'2025-05-30 20:56:19',72,12),(203,'2025-05-30 20:56:19',0,4),(204,'2025-05-30 20:56:43',1,8),(205,'2025-05-30 20:56:43',100,3),(206,'2025-05-30 20:56:43',1,8),(207,'2025-05-30 20:56:46',0,8),(208,'2025-05-30 20:56:46',100,3),(209,'2025-05-30 20:56:54',100,4),(210,'2025-05-30 20:56:54',1,7),(211,'2025-05-30 20:57:00',0,4),(212,'2025-05-30 20:57:09',100,4),(213,'2025-05-30 20:57:09',1,7),(214,'2025-05-30 20:57:15',0,4),(215,'2025-05-30 21:00:33',100,5),(216,'2025-05-30 21:00:33',76,12),(217,'2025-05-30 21:00:33',0,5),(218,'2025-05-30 21:00:33',74,12),(219,'2025-05-30 21:00:34',100,5),(220,'2025-05-30 21:00:34',76,12),(221,'2025-05-30 21:00:34',0,5),(222,'2025-05-30 21:00:34',74,12),(223,'2025-05-30 21:00:34',100,5),(224,'2025-05-30 21:00:34',76,12),(225,'2025-05-30 21:00:34',0,5),(226,'2025-05-30 21:00:34',74,12),(227,'2025-05-30 21:00:34',100,5),(228,'2025-05-30 21:00:34',76,12),(229,'2025-05-30 21:00:34',0,5),(230,'2025-05-30 21:00:34',74,12),(231,'2025-05-30 21:00:34',100,5),(232,'2025-05-30 21:00:34',76,12),(233,'2025-05-30 21:00:35',0,5),(234,'2025-05-30 21:00:35',74,12),(235,'2025-05-30 21:00:35',100,5),(236,'2025-05-30 21:00:35',76,12),(237,'2025-05-30 21:00:35',0,5),(238,'2025-05-30 21:00:35',74,12),(239,'2025-05-30 21:00:35',100,5),(240,'2025-05-30 21:00:35',76,12),(241,'2025-05-30 21:00:35',0,5),(242,'2025-05-30 21:00:35',74,12),(243,'2025-05-30 21:00:36',100,5),(244,'2025-05-30 21:00:36',76,12),(245,'2025-05-30 21:00:36',0,5),(246,'2025-05-30 21:00:36',74,12),(247,'2025-05-30 21:00:37',100,5),(248,'2025-05-30 21:00:37',76,12),(249,'2025-05-30 21:00:37',0,5),(250,'2025-05-30 21:00:37',74,12),(251,'2025-05-30 21:00:37',100,5),(252,'2025-05-30 21:00:37',76,12),(253,'2025-05-30 21:00:37',0,5),(254,'2025-05-30 21:00:37',74,12),(255,'2025-05-30 21:00:37',100,5),(256,'2025-05-30 21:00:37',76,12),(257,'2025-05-30 21:00:37',0,5),(258,'2025-05-30 21:00:37',74,12),(259,'2025-05-30 21:00:38',100,5),(260,'2025-05-30 21:00:38',76,12),(261,'2025-05-30 21:00:38',0,5),(262,'2025-05-30 21:00:38',74,12),(263,'2025-05-30 21:00:38',100,5),(264,'2025-05-30 21:00:38',76,12),(265,'2025-05-30 21:00:38',0,5),(266,'2025-05-30 21:00:38',74,12),(267,'2025-05-30 21:00:38',100,5),(268,'2025-05-30 21:00:38',76,12),(269,'2025-05-30 21:00:38',0,5),(270,'2025-05-30 21:00:38',74,12),(271,'2025-05-30 21:00:38',100,5),(272,'2025-05-30 21:00:38',76,12),(273,'2025-05-30 21:00:38',0,5),(274,'2025-05-30 21:00:38',74,12),(275,'2025-05-30 21:00:39',100,5),(276,'2025-05-30 21:00:39',76,12),(277,'2025-05-30 21:00:39',0,5),(278,'2025-05-30 21:00:39',75,12),(279,'2025-05-30 21:00:39',100,5),(280,'2025-05-30 21:00:39',76,12),(281,'2025-05-30 21:00:39',0,5),(282,'2025-05-30 21:00:39',75,12),(283,'2025-05-30 21:00:39',100,5),(284,'2025-05-30 21:00:39',76,12),(285,'2025-05-30 21:00:39',0,5),(286,'2025-05-30 21:00:39',75,12),(287,'2025-05-30 21:00:39',100,5),(288,'2025-05-30 21:00:39',76,12),(289,'2025-05-30 21:00:39',0,5),(290,'2025-05-30 21:00:39',75,12),(291,'2025-05-30 21:00:39',100,5),(292,'2025-05-30 21:00:39',76,12),(293,'2025-05-30 21:00:40',0,5),(294,'2025-05-30 21:00:40',75,12),(295,'2025-05-30 21:00:40',100,5),(296,'2025-05-30 21:00:40',76,12),(297,'2025-05-30 21:00:40',0,5),(298,'2025-05-30 21:00:40',75,12),(299,'2025-05-30 21:00:40',100,5),(300,'2025-05-30 21:00:40',76,12),(301,'2025-05-30 21:00:40',0,5),(302,'2025-05-30 21:00:40',75,12),(303,'2025-05-30 21:00:40',100,5),(304,'2025-05-30 21:00:40',76,12),(305,'2025-05-30 21:00:40',0,5),(306,'2025-05-30 21:00:40',74,12),(307,'2025-05-30 21:00:40',100,5),(308,'2025-05-30 21:00:40',76,12),(309,'2025-05-30 21:00:40',0,5),(310,'2025-05-30 21:00:40',74,12),(311,'2025-05-30 21:00:40',100,5),(312,'2025-05-30 21:00:40',76,12),(313,'2025-05-30 21:00:41',0,5),(314,'2025-05-30 21:00:41',74,12),(315,'2025-05-30 21:00:41',100,5),(316,'2025-05-30 21:00:41',76,12),(317,'2025-05-30 21:00:41',0,5),(318,'2025-05-30 21:00:41',74,12),(319,'2025-05-30 21:00:41',100,5),(320,'2025-05-30 21:00:41',76,12),(321,'2025-05-30 21:00:41',0,5),(322,'2025-05-30 21:00:41',74,12),(323,'2025-05-30 21:00:41',100,5),(324,'2025-05-30 21:00:41',76,12),(325,'2025-05-30 21:00:41',0,5),(326,'2025-05-30 21:00:41',74,12),(327,'2025-05-30 21:00:41',100,5),(328,'2025-05-30 21:00:41',76,12),(329,'2025-05-30 21:00:41',0,5),(330,'2025-05-30 21:00:41',74,12),(331,'2025-05-30 21:00:42',100,5),(332,'2025-05-30 21:00:42',76,12),(333,'2025-05-30 21:00:42',0,5),(334,'2025-05-30 21:00:42',74,12),(335,'2025-05-30 21:00:42',100,5),(336,'2025-05-30 21:00:42',76,12),(337,'2025-05-30 21:00:42',0,5),(338,'2025-05-30 21:00:42',74,12),(339,'2025-05-30 21:00:42',100,5),(340,'2025-05-30 21:00:42',76,12),(341,'2025-05-30 21:00:42',0,5),(342,'2025-05-30 21:00:42',75,12),(343,'2025-05-30 21:00:42',100,5),(344,'2025-05-30 21:00:42',76,12),(345,'2025-05-30 21:00:42',0,5),(346,'2025-05-30 21:00:42',75,12),(347,'2025-05-30 21:00:42',100,5),(348,'2025-05-30 21:00:42',76,12),(349,'2025-05-30 21:00:43',0,5),(350,'2025-05-30 21:00:43',75,12),(351,'2025-05-30 21:00:43',100,5),(352,'2025-05-30 21:00:43',76,12),(353,'2025-05-30 21:00:43',0,5),(354,'2025-05-30 21:00:43',75,12),(355,'2025-05-30 21:00:43',100,5),(356,'2025-05-30 21:00:43',76,12),(357,'2025-05-30 21:00:43',0,5),(358,'2025-05-30 21:00:43',75,12),(359,'2025-05-30 21:00:43',100,5),(360,'2025-05-30 21:00:43',76,12),(361,'2025-05-30 21:00:43',0,5),(362,'2025-05-30 21:00:43',75,12),(363,'2025-05-30 21:00:43',100,5),(364,'2025-05-30 21:00:43',76,12),(365,'2025-05-30 21:00:43',0,5),(366,'2025-05-30 21:00:43',75,12),(367,'2025-05-30 21:00:44',100,5),(368,'2025-05-30 21:00:44',76,12),(369,'2025-05-30 21:00:44',0,5),(370,'2025-05-30 21:00:44',75,12),(371,'2025-05-30 21:00:44',100,5),(372,'2025-05-30 21:00:44',76,12),(373,'2025-05-30 21:00:44',0,5),(374,'2025-05-30 21:00:44',74,12),(375,'2025-05-30 21:00:44',100,5),(376,'2025-05-30 21:00:44',76,12),(377,'2025-05-30 21:00:44',0,5),(378,'2025-05-30 21:00:44',74,12),(379,'2025-05-30 21:00:44',100,5),(380,'2025-05-30 21:00:44',76,12),(381,'2025-05-30 21:00:44',0,5),(382,'2025-05-30 21:00:44',75,12),(383,'2025-05-30 21:00:44',100,5),(384,'2025-05-30 21:00:44',76,12),(385,'2025-05-30 21:00:44',0,5),(386,'2025-05-30 21:00:44',75,12),(387,'2025-05-30 21:00:45',100,5),(388,'2025-05-30 21:00:45',76,12),(389,'2025-05-30 21:00:45',0,5),(390,'2025-05-30 21:00:45',75,12),(391,'2025-05-30 21:00:45',100,5),(392,'2025-05-30 21:00:45',76,12),(393,'2025-05-30 21:00:45',0,5),(394,'2025-05-30 21:00:45',75,12),(395,'2025-05-30 21:00:45',100,5),(396,'2025-05-30 21:00:45',76,12),(397,'2025-05-30 21:00:45',0,5),(398,'2025-05-30 21:00:45',75,12),(399,'2025-05-30 21:00:45',100,5),(400,'2025-05-30 21:00:45',76,12),(401,'2025-05-30 21:00:45',0,5),(402,'2025-05-30 21:00:45',75,12),(403,'2025-05-30 21:00:45',100,5),(404,'2025-05-30 21:00:45',76,12),(405,'2025-05-30 21:00:46',0,5),(406,'2025-05-30 21:00:46',75,12),(407,'2025-05-30 21:00:46',100,5),(408,'2025-05-30 21:00:46',76,12),(409,'2025-05-30 21:00:46',0,5),(410,'2025-05-30 21:00:46',75,12),(411,'2025-05-30 21:00:46',100,5),(412,'2025-05-30 21:00:46',76,12),(413,'2025-05-30 21:00:46',0,5),(414,'2025-05-30 21:00:46',75,12),(415,'2025-05-30 21:00:46',100,5),(416,'2025-05-30 21:00:46',76,12),(417,'2025-05-30 21:00:46',0,5),(418,'2025-05-30 21:00:46',75,12),(419,'2025-05-30 21:00:46',100,5),(420,'2025-05-30 21:00:46',76,12),(421,'2025-05-30 21:00:46',0,5),(422,'2025-05-30 21:00:46',75,12),(423,'2025-05-30 21:00:47',100,5),(424,'2025-05-30 21:00:47',76,12),(425,'2025-05-30 21:00:47',0,5),(426,'2025-05-30 21:00:47',75,12),(427,'2025-05-30 21:00:47',100,5),(428,'2025-05-30 21:00:47',76,12),(429,'2025-05-30 21:00:47',0,5),(430,'2025-05-30 21:00:47',75,12),(431,'2025-05-30 21:00:47',100,5),(432,'2025-05-30 21:00:47',76,12),(433,'2025-05-30 21:00:47',0,5),(434,'2025-05-30 21:00:47',75,12),(435,'2025-05-30 21:00:47',100,5),(436,'2025-05-30 21:00:47',76,12),(437,'2025-05-30 21:00:47',0,5),(438,'2025-05-30 21:00:47',75,12),(439,'2025-05-30 21:00:47',100,5),(440,'2025-05-30 21:00:47',76,12),(441,'2025-05-30 21:00:48',0,5),(442,'2025-05-30 21:00:48',75,12),(443,'2025-05-30 21:00:48',100,5),(444,'2025-05-30 21:00:48',76,12),(445,'2025-05-30 21:00:48',0,5),(446,'2025-05-30 21:00:48',75,12),(447,'2025-05-30 21:00:48',100,5),(448,'2025-05-30 21:00:48',76,12),(449,'2025-05-30 21:00:48',0,5),(450,'2025-05-30 21:00:48',75,12),(451,'2025-05-30 21:00:48',100,5),(452,'2025-05-30 21:00:48',76,12),(453,'2025-05-30 21:00:48',0,5),(454,'2025-05-30 21:00:48',75,12),(455,'2025-05-30 21:00:48',100,5),(456,'2025-05-30 21:00:48',76,12),(457,'2025-05-30 21:00:48',0,5),(458,'2025-05-30 21:00:48',75,12),(459,'2025-05-30 21:00:48',100,5),(460,'2025-05-30 21:00:48',76,12),(461,'2025-05-30 21:00:49',0,5),(462,'2025-05-30 21:00:49',75,12),(463,'2025-05-30 21:00:49',100,5),(464,'2025-05-30 21:00:49',76,12),(465,'2025-05-30 21:00:49',0,5),(466,'2025-05-30 21:00:49',75,12),(467,'2025-05-30 21:00:49',100,5),(468,'2025-05-30 21:00:49',76,12),(469,'2025-05-30 21:00:49',0,5),(470,'2025-05-30 21:00:49',75,12),(471,'2025-05-30 21:00:49',100,5),(472,'2025-05-30 21:00:49',76,12),(473,'2025-05-30 21:00:49',0,5),(474,'2025-05-30 21:00:49',75,12),(475,'2025-05-30 21:00:49',100,5),(476,'2025-05-30 21:00:49',76,12),(477,'2025-05-30 21:00:49',0,5),(478,'2025-05-30 21:00:49',75,12),(479,'2025-05-30 21:00:50',100,5),(480,'2025-05-30 21:00:50',76,12),(481,'2025-05-30 21:00:50',0,5),(482,'2025-05-30 21:00:50',75,12),(483,'2025-05-30 21:00:50',100,5),(484,'2025-05-30 21:00:50',76,12),(485,'2025-05-30 21:00:50',0,5),(486,'2025-05-30 21:00:50',75,12),(487,'2025-05-30 21:00:50',100,5),(488,'2025-05-30 21:00:50',76,12),(489,'2025-05-30 21:00:50',0,5),(490,'2025-05-30 21:00:50',75,12),(491,'2025-05-30 21:00:50',100,5),(492,'2025-05-30 21:00:50',76,12),(493,'2025-05-30 21:00:50',0,5),(494,'2025-05-30 21:00:50',75,12),(495,'2025-05-30 21:00:50',100,5),(496,'2025-05-30 21:00:50',76,12),(497,'2025-05-30 21:00:51',0,5),(498,'2025-05-30 21:00:51',75,12),(499,'2025-05-30 21:00:51',100,5),(500,'2025-05-30 21:00:51',76,12),(501,'2025-05-30 21:00:51',0,5),(502,'2025-05-30 21:00:51',75,12),(503,'2025-05-30 21:00:51',100,5),(504,'2025-05-30 21:00:51',76,12),(505,'2025-05-30 21:00:51',0,5),(506,'2025-05-30 21:00:51',75,12),(507,'2025-05-30 21:00:51',100,5),(508,'2025-05-30 21:00:51',76,12),(509,'2025-05-30 21:00:51',0,5),(510,'2025-05-30 21:00:51',75,12),(511,'2025-05-30 21:00:51',100,5),(512,'2025-05-30 21:00:51',76,12),(513,'2025-05-30 21:00:51',0,5),(514,'2025-05-30 21:00:51',75,12),(515,'2025-05-30 21:00:52',100,5),(516,'2025-05-30 21:00:52',76,12),(517,'2025-05-30 21:00:52',0,5),(518,'2025-05-30 21:00:52',75,12),(519,'2025-05-30 21:00:52',100,5),(520,'2025-05-30 21:00:52',76,12),(521,'2025-05-30 21:00:52',0,5),(522,'2025-05-30 21:00:52',75,12),(523,'2025-05-30 21:00:52',100,5),(524,'2025-05-30 21:00:52',76,12),(525,'2025-05-30 21:00:52',0,5),(526,'2025-05-30 21:00:52',75,12),(527,'2025-05-30 21:00:52',100,5),(528,'2025-05-30 21:00:52',76,12),(529,'2025-05-30 21:00:52',0,5),(530,'2025-05-30 21:00:52',75,12),(531,'2025-05-30 21:00:52',100,5),(532,'2025-05-30 21:00:52',76,12),(533,'2025-05-30 21:00:52',0,5),(534,'2025-05-30 21:00:52',75,12),(535,'2025-05-30 21:00:53',100,5),(536,'2025-05-30 21:00:53',76,12),(537,'2025-05-30 21:00:53',0,5),(538,'2025-05-30 21:00:53',75,12),(539,'2025-05-30 21:00:53',100,5),(540,'2025-05-30 21:00:53',76,12),(541,'2025-05-30 21:00:53',0,5),(542,'2025-05-30 21:00:53',75,12),(543,'2025-05-30 21:00:53',100,5),(544,'2025-05-30 21:00:53',76,12),(545,'2025-05-30 21:00:53',0,5),(546,'2025-05-30 21:00:53',75,12),(547,'2025-05-30 21:00:53',100,5),(548,'2025-05-30 21:00:53',76,12),(549,'2025-05-30 21:00:53',0,5),(550,'2025-05-30 21:00:53',75,12),(551,'2025-05-30 21:00:53',100,5),(552,'2025-05-30 21:00:53',76,12),(553,'2025-05-30 21:00:54',0,5),(554,'2025-05-30 21:00:54',75,12),(555,'2025-05-30 21:00:54',100,5),(556,'2025-05-30 21:00:54',76,12),(557,'2025-05-30 21:00:54',0,5),(558,'2025-05-30 21:00:54',75,12),(559,'2025-05-30 21:00:54',100,5),(560,'2025-05-30 21:00:54',76,12),(561,'2025-05-30 21:00:54',0,5),(562,'2025-05-30 21:00:54',74,12),(563,'2025-05-30 21:00:54',100,5),(564,'2025-05-30 21:00:54',76,12),(565,'2025-05-30 21:00:54',0,5),(566,'2025-05-30 21:00:54',74,12),(567,'2025-05-30 21:00:55',100,5),(568,'2025-05-30 21:00:55',76,12),(569,'2025-05-30 21:00:55',0,5),(570,'2025-05-30 21:00:55',75,12),(571,'2025-05-30 21:00:55',100,5),(572,'2025-05-30 21:00:55',76,12),(573,'2025-05-30 21:00:55',0,5),(574,'2025-05-30 21:00:55',75,12),(575,'2025-05-30 21:00:55',100,5),(576,'2025-05-30 21:00:55',76,12),(577,'2025-05-30 21:00:55',0,5),(578,'2025-05-30 21:00:55',75,12),(579,'2025-05-30 21:00:55',100,5),(580,'2025-05-30 21:00:55',76,12),(581,'2025-05-30 21:00:55',0,5),(582,'2025-05-30 21:00:55',75,12),(583,'2025-05-30 21:00:55',100,5),(584,'2025-05-30 21:00:55',76,12),(585,'2025-05-30 21:00:55',0,5),(586,'2025-05-30 21:00:55',75,12),(587,'2025-05-30 21:00:56',100,5),(588,'2025-05-30 21:00:56',76,12),(589,'2025-05-30 21:00:56',0,5),(590,'2025-05-30 21:00:56',75,12),(591,'2025-05-30 21:00:56',100,5),(592,'2025-05-30 21:00:56',76,12),(593,'2025-05-30 21:00:56',0,5),(594,'2025-05-30 21:00:56',75,12),(595,'2025-05-30 21:00:56',100,5),(596,'2025-05-30 21:00:56',76,12),(597,'2025-05-30 21:00:56',0,5),(598,'2025-05-30 21:00:56',75,12),(599,'2025-05-30 21:00:56',100,5),(600,'2025-05-30 21:00:56',76,12),(601,'2025-05-30 21:00:56',0,5),(602,'2025-05-30 21:00:56',75,12),(603,'2025-05-30 21:00:56',100,5),(604,'2025-05-30 21:00:56',76,12),(605,'2025-05-30 21:00:57',0,5),(606,'2025-05-30 21:00:57',75,12),(607,'2025-05-30 21:00:57',100,5),(608,'2025-05-30 21:00:57',76,12),(609,'2025-05-30 21:00:57',0,5),(610,'2025-05-30 21:00:57',75,12),(611,'2025-05-30 21:00:57',100,5),(612,'2025-05-30 21:00:57',76,12),(613,'2025-05-30 21:00:57',0,5),(614,'2025-05-30 21:00:57',75,12),(615,'2025-05-30 21:00:57',100,5),(616,'2025-05-30 21:00:57',76,12),(617,'2025-05-30 21:00:57',0,5),(618,'2025-05-30 21:00:57',75,12),(619,'2025-05-30 21:00:57',100,5),(620,'2025-05-30 21:00:57',76,12),(621,'2025-05-30 21:00:57',0,5),(622,'2025-05-30 21:00:57',75,12),(623,'2025-05-30 21:00:58',100,5),(624,'2025-05-30 21:00:58',76,12),(625,'2025-05-30 21:00:58',0,5),(626,'2025-05-30 21:00:58',75,12),(627,'2025-05-30 21:00:58',100,5),(628,'2025-05-30 21:00:58',76,12),(629,'2025-05-30 21:00:58',0,5),(630,'2025-05-30 21:00:58',75,12),(631,'2025-05-30 21:00:58',100,5),(632,'2025-05-30 21:00:58',76,12),(633,'2025-05-30 21:00:58',0,5),(634,'2025-05-30 21:00:58',75,12),(635,'2025-05-30 21:00:58',100,5),(636,'2025-05-30 21:00:58',76,12),(637,'2025-05-30 21:00:58',0,5),(638,'2025-05-30 21:00:58',75,12),(639,'2025-05-30 21:00:58',100,5),(640,'2025-05-30 21:00:58',76,12),(641,'2025-05-30 21:00:59',0,5),(642,'2025-05-30 21:00:59',75,12),(643,'2025-05-30 21:00:59',100,5),(644,'2025-05-30 21:00:59',76,12),(645,'2025-05-30 21:00:59',0,5),(646,'2025-05-30 21:00:59',75,12),(647,'2025-05-30 21:00:59',100,5),(648,'2025-05-30 21:00:59',76,12),(649,'2025-05-30 21:00:59',0,5),(650,'2025-05-30 21:00:59',75,12),(651,'2025-05-30 21:00:59',100,5),(652,'2025-05-30 21:00:59',76,12),(653,'2025-05-30 21:00:59',0,5),(654,'2025-05-30 21:00:59',75,12),(655,'2025-05-30 21:00:59',100,5),(656,'2025-05-30 21:00:59',76,12),(657,'2025-05-30 21:00:59',0,5),(658,'2025-05-30 21:00:59',75,12),(659,'2025-05-30 21:00:59',100,5),(660,'2025-05-30 21:01:00',76,12),(661,'2025-05-30 21:01:00',0,5),(662,'2025-05-30 21:01:00',75,12),(663,'2025-05-30 21:01:00',100,5),(664,'2025-05-30 21:01:00',76,12),(665,'2025-05-30 21:01:00',0,5),(666,'2025-05-30 21:01:00',75,12),(667,'2025-05-30 21:01:00',100,5),(668,'2025-05-30 21:01:00',76,12),(669,'2025-05-30 21:01:00',0,5),(670,'2025-05-30 21:01:00',75,12),(671,'2025-05-30 21:01:00',100,5),(672,'2025-05-30 21:01:00',76,12),(673,'2025-05-30 21:01:00',0,5),(674,'2025-05-30 21:01:00',75,12),(675,'2025-05-30 21:01:00',100,5),(676,'2025-05-30 21:01:00',76,12),(677,'2025-05-30 21:01:00',0,5),(678,'2025-05-30 21:01:00',74,12),(679,'2025-05-30 21:01:01',100,5),(680,'2025-05-30 21:01:01',76,12),(681,'2025-05-30 21:01:01',0,5),(682,'2025-05-30 21:01:01',75,12),(683,'2025-05-30 21:01:01',100,5),(684,'2025-05-30 21:01:01',76,12),(685,'2025-05-30 21:01:01',0,5),(686,'2025-05-30 21:01:01',75,12),(687,'2025-05-30 21:01:01',100,5),(688,'2025-05-30 21:01:01',76,12),(689,'2025-05-30 21:01:01',0,5),(690,'2025-05-30 21:01:01',75,12),(691,'2025-05-30 21:01:01',100,5),(692,'2025-05-30 21:01:01',76,12),(693,'2025-05-30 21:01:01',0,5),(694,'2025-05-30 21:01:01',75,12),(695,'2025-05-30 21:01:01',100,5),(696,'2025-05-30 21:01:01',76,12),(697,'2025-05-30 21:01:02',0,5),(698,'2025-05-30 21:01:02',75,12),(699,'2025-05-30 21:01:02',100,5),(700,'2025-05-30 21:01:02',76,12),(701,'2025-05-30 21:01:02',0,5),(702,'2025-05-30 21:01:02',75,12),(703,'2025-05-30 21:01:02',100,5),(704,'2025-05-30 21:01:02',76,12),(705,'2025-05-30 21:01:02',0,5),(706,'2025-05-30 21:01:02',75,12),(707,'2025-05-30 21:01:02',100,5),(708,'2025-05-30 21:01:02',76,12),(709,'2025-05-30 21:01:02',0,5),(710,'2025-05-30 21:01:02',75,12),(711,'2025-05-30 21:01:02',100,5),(712,'2025-05-30 21:01:02',76,12),(713,'2025-05-30 21:01:02',0,5),(714,'2025-05-30 21:01:02',75,12),(715,'2025-05-30 21:01:03',100,5),(716,'2025-05-30 21:01:03',76,12),(717,'2025-05-30 21:01:03',0,5),(718,'2025-05-30 21:01:03',75,12),(719,'2025-05-30 21:01:03',100,5),(720,'2025-05-30 21:01:03',77,12),(721,'2025-05-30 21:01:03',0,5),(722,'2025-05-30 21:01:03',75,12),(723,'2025-05-30 21:01:03',100,5),(724,'2025-05-30 21:01:03',77,12),(725,'2025-05-30 21:01:03',0,5),(726,'2025-05-30 21:01:03',75,12),(727,'2025-05-30 21:01:03',100,5),(728,'2025-05-30 21:01:03',77,12),(729,'2025-05-30 21:01:03',0,5),(730,'2025-05-30 21:01:03',75,12),(731,'2025-05-30 21:01:03',100,5),(732,'2025-05-30 21:01:03',77,12),(733,'2025-05-30 21:01:03',0,5),(734,'2025-05-30 21:01:03',75,12),(735,'2025-05-30 21:01:04',100,5),(736,'2025-05-30 21:01:04',77,12),(737,'2025-05-30 21:01:04',0,5),(738,'2025-05-30 21:01:04',75,12),(739,'2025-05-30 21:01:04',100,5),(740,'2025-05-30 21:01:04',77,12),(741,'2025-05-30 21:01:04',0,5),(742,'2025-05-30 21:01:04',75,12),(743,'2025-05-30 21:01:04',100,5),(744,'2025-05-30 21:01:04',77,12),(745,'2025-05-30 21:01:04',0,5),(746,'2025-05-30 21:01:04',75,12),(747,'2025-05-30 21:01:04',100,5),(748,'2025-05-30 21:01:04',77,12),(749,'2025-05-30 21:01:04',0,5),(750,'2025-05-30 21:01:04',75,12),(751,'2025-05-30 21:01:04',100,5),(752,'2025-05-30 21:01:04',77,12),(753,'2025-05-30 21:01:05',0,5),(754,'2025-05-30 21:01:05',75,12),(755,'2025-05-30 21:01:05',100,5),(756,'2025-05-30 21:01:05',76,12),(757,'2025-05-30 21:01:05',0,5),(758,'2025-05-30 21:01:05',75,12),(759,'2025-05-30 21:01:05',100,5),(760,'2025-05-30 21:01:05',76,12),(761,'2025-05-30 21:01:05',0,5),(762,'2025-05-30 21:01:05',75,12),(763,'2025-05-30 21:01:05',100,5),(764,'2025-05-30 21:01:05',76,12),(765,'2025-05-30 21:01:05',0,5),(766,'2025-05-30 21:01:05',75,12),(767,'2025-05-30 21:01:05',100,5),(768,'2025-05-30 21:01:05',76,12),(769,'2025-05-30 21:01:05',0,5),(770,'2025-05-30 21:01:05',75,12),(771,'2025-05-30 21:01:06',100,5),(772,'2025-05-30 21:01:06',76,12),(773,'2025-05-30 21:01:06',0,5),(774,'2025-05-30 21:01:06',75,12),(775,'2025-05-30 21:01:06',100,5),(776,'2025-05-30 21:01:06',76,12),(777,'2025-05-30 21:01:06',0,5),(778,'2025-05-30 21:01:06',75,12),(779,'2025-05-30 21:01:06',100,5),(780,'2025-05-30 21:01:06',77,12),(781,'2025-05-30 21:01:06',0,5),(782,'2025-05-30 21:01:06',75,12),(783,'2025-05-30 21:01:06',100,5),(784,'2025-05-30 21:01:06',77,12),(785,'2025-05-30 21:01:06',0,5),(786,'2025-05-30 21:01:06',75,12),(787,'2025-05-30 21:01:06',100,5),(788,'2025-05-30 21:01:06',77,12),(789,'2025-05-30 21:01:06',0,5),(790,'2025-05-30 21:01:06',75,12),(791,'2025-05-30 21:01:07',100,5),(792,'2025-05-30 21:01:07',77,12),(793,'2025-05-30 21:01:07',0,5),(794,'2025-05-30 21:01:07',75,12),(795,'2025-05-30 21:01:07',100,5),(796,'2025-05-30 21:01:07',77,12),(797,'2025-05-30 21:01:07',0,5),(798,'2025-05-30 21:01:07',75,12),(799,'2025-05-30 21:01:07',100,5),(800,'2025-05-30 21:01:07',77,12),(801,'2025-05-30 21:01:07',0,5),(802,'2025-05-30 21:01:07',75,12),(803,'2025-05-30 21:01:07',100,5),(804,'2025-05-30 21:01:07',76,12),(805,'2025-05-30 21:01:07',0,5),(806,'2025-05-30 21:01:07',75,12),(807,'2025-05-30 21:01:07',100,5),(808,'2025-05-30 21:01:07',76,12),(809,'2025-05-30 21:01:08',0,5),(810,'2025-05-30 21:01:08',75,12),(811,'2025-05-30 21:01:08',100,5),(812,'2025-05-30 21:01:08',76,12),(813,'2025-05-30 21:01:08',0,5),(814,'2025-05-30 21:01:08',75,12),(815,'2025-05-30 21:01:08',100,5),(816,'2025-05-30 21:01:08',76,12),(817,'2025-05-30 21:01:08',0,5),(818,'2025-05-30 21:01:08',75,12),(819,'2025-05-30 21:01:08',100,5),(820,'2025-05-30 21:01:08',76,12),(821,'2025-05-30 21:01:08',0,5),(822,'2025-05-30 21:01:08',75,12),(823,'2025-05-30 21:01:08',100,5),(824,'2025-05-30 21:01:08',76,12),(825,'2025-05-30 21:01:08',0,5),(826,'2025-05-30 21:01:08',75,12),(827,'2025-05-30 21:01:09',100,5),(828,'2025-05-30 21:01:09',77,12),(829,'2025-05-30 21:01:09',0,5),(830,'2025-05-30 21:01:09',75,12),(831,'2025-05-30 21:01:09',100,5),(832,'2025-05-30 21:01:09',76,12),(833,'2025-05-30 21:01:09',0,5),(834,'2025-05-30 21:01:09',75,12),(835,'2025-05-30 21:01:09',100,5),(836,'2025-05-30 21:01:09',76,12),(837,'2025-05-30 21:01:09',0,5),(838,'2025-05-30 21:01:09',75,12),(839,'2025-05-30 21:01:09',100,5),(840,'2025-05-30 21:01:09',76,12),(841,'2025-05-30 21:01:09',0,5),(842,'2025-05-30 21:01:09',75,12),(843,'2025-05-30 21:01:09',100,5),(844,'2025-05-30 21:01:09',77,12),(845,'2025-05-30 21:01:10',0,5),(846,'2025-05-30 21:01:10',75,12),(847,'2025-05-30 21:01:10',100,5),(848,'2025-05-30 21:01:10',77,12),(849,'2025-05-30 21:01:10',0,5),(850,'2025-05-30 21:01:10',75,12),(851,'2025-05-30 21:01:10',100,5),(852,'2025-05-30 21:01:10',77,12),(853,'2025-05-30 21:01:10',0,5),(854,'2025-05-30 21:01:10',75,12),(855,'2025-05-30 21:01:10',100,5),(856,'2025-05-30 21:01:10',77,12),(857,'2025-05-30 21:01:10',0,5),(858,'2025-05-30 21:01:10',75,12),(859,'2025-05-30 21:01:10',100,5),(860,'2025-05-30 21:01:10',77,12),(861,'2025-05-30 21:01:10',0,5),(862,'2025-05-30 21:01:10',75,12),(863,'2025-05-30 21:01:10',100,5),(864,'2025-05-30 21:01:10',77,12),(865,'2025-05-30 21:01:11',0,5),(866,'2025-05-30 21:01:11',75,12),(867,'2025-05-30 21:01:11',100,5),(868,'2025-05-30 21:01:11',77,12),(869,'2025-05-30 21:01:11',0,5),(870,'2025-05-30 21:01:11',75,12),(871,'2025-05-30 21:01:11',100,5),(872,'2025-05-30 21:01:11',77,12),(873,'2025-05-30 21:01:11',0,5),(874,'2025-05-30 21:01:11',75,12),(875,'2025-05-30 21:01:11',100,5),(876,'2025-05-30 21:01:11',77,12),(877,'2025-05-30 21:01:11',0,5),(878,'2025-05-30 21:01:11',75,12),(879,'2025-05-30 21:01:11',100,5),(880,'2025-05-30 21:01:11',77,12),(881,'2025-05-30 21:01:11',0,5),(882,'2025-05-30 21:01:11',75,12),(883,'2025-05-30 21:01:12',100,5),(884,'2025-05-30 21:01:12',77,12),(885,'2025-05-30 21:01:12',0,5),(886,'2025-05-30 21:01:12',75,12),(887,'2025-05-30 21:01:12',100,5),(888,'2025-05-30 21:01:12',77,12),(889,'2025-05-30 21:01:12',0,5),(890,'2025-05-30 21:01:12',75,12),(891,'2025-05-30 21:01:12',100,5),(892,'2025-05-30 21:01:12',77,12),(893,'2025-05-30 21:01:12',0,5),(894,'2025-05-30 21:01:12',75,12),(895,'2025-05-30 21:01:12',100,5),(896,'2025-05-30 21:01:12',77,12),(897,'2025-05-30 21:01:12',0,5),(898,'2025-05-30 21:01:12',75,12),(899,'2025-05-30 21:01:12',100,5),(900,'2025-05-30 21:01:12',77,12),(901,'2025-05-30 21:01:13',0,5),(902,'2025-05-30 21:01:13',75,12),(903,'2025-05-30 21:01:13',100,5),(904,'2025-05-30 21:01:13',77,12),(905,'2025-05-30 21:01:13',0,5),(906,'2025-05-30 21:01:13',75,12),(907,'2025-05-30 21:01:13',100,5),(908,'2025-05-30 21:01:13',77,12),(909,'2025-05-30 21:01:13',0,5),(910,'2025-05-30 21:01:13',75,12),(911,'2025-05-30 21:01:13',100,5),(912,'2025-05-30 21:01:13',77,12),(913,'2025-05-30 21:01:13',0,5),(914,'2025-05-30 21:01:13',75,12),(915,'2025-05-30 21:01:13',100,5),(916,'2025-05-30 21:01:13',77,12),(917,'2025-05-30 21:01:13',0,5),(918,'2025-05-30 21:01:13',75,12),(919,'2025-05-30 21:01:14',100,5),(920,'2025-05-30 21:01:14',77,12),(921,'2025-05-30 21:01:14',0,5),(922,'2025-05-30 21:01:14',75,12),(923,'2025-05-30 21:01:14',100,5),(924,'2025-05-30 21:01:14',77,12),(925,'2025-05-30 21:01:14',0,5),(926,'2025-05-30 21:01:14',75,12),(927,'2025-05-30 21:01:14',100,5),(928,'2025-05-30 21:01:14',77,12),(929,'2025-05-30 21:01:14',0,5),(930,'2025-05-30 21:01:14',75,12),(931,'2025-05-30 21:01:14',100,5),(932,'2025-05-30 21:01:14',77,12),(933,'2025-05-30 21:01:14',0,5),(934,'2025-05-30 21:01:14',75,12),(935,'2025-05-30 21:01:14',100,5),(936,'2025-05-30 21:01:14',77,12),(937,'2025-05-30 21:01:15',0,5),(938,'2025-05-30 21:01:15',75,12),(939,'2025-05-30 21:01:15',100,5),(940,'2025-05-30 21:01:15',76,12),(941,'2025-05-30 21:01:15',0,5),(942,'2025-05-30 21:01:15',75,12),(943,'2025-05-30 21:01:15',100,5),(944,'2025-05-30 21:01:15',76,12),(945,'2025-05-30 21:01:15',0,5),(946,'2025-05-30 21:01:15',75,12),(947,'2025-05-30 21:01:15',100,5),(948,'2025-05-30 21:01:15',76,12),(949,'2025-05-30 21:01:15',0,5),(950,'2025-05-30 21:01:15',75,12),(951,'2025-05-30 21:01:15',100,5),(952,'2025-05-30 21:01:15',76,12),(953,'2025-05-30 21:01:16',0,5),(954,'2025-05-30 21:01:16',75,12),(955,'2025-05-30 21:01:16',100,5),(956,'2025-05-30 21:01:16',76,12),(957,'2025-05-30 21:01:16',0,5),(958,'2025-05-30 21:01:16',75,12),(959,'2025-05-30 21:01:16',100,5),(960,'2025-05-30 21:01:16',77,12),(961,'2025-05-30 21:01:16',0,5),(962,'2025-05-30 21:01:16',75,12),(963,'2025-05-30 21:01:16',100,5),(964,'2025-05-30 21:01:16',77,12),(965,'2025-05-30 21:01:16',0,5),(966,'2025-05-30 21:01:16',75,12),(967,'2025-05-30 21:01:17',100,5),(968,'2025-05-30 21:01:17',77,12),(969,'2025-05-30 21:01:17',0,5),(970,'2025-05-30 21:01:17',75,12),(971,'2025-05-30 21:01:17',100,5),(972,'2025-05-30 21:01:17',77,12),(973,'2025-05-30 21:01:17',0,5),(974,'2025-05-30 21:01:17',75,12),(975,'2025-05-30 21:01:17',100,5),(976,'2025-05-30 21:01:17',77,12),(977,'2025-05-30 21:01:17',0,5),(978,'2025-05-30 21:01:17',75,12),(979,'2025-05-30 21:01:18',100,5),(980,'2025-05-30 21:01:18',77,12),(981,'2025-05-30 21:01:18',0,5),(982,'2025-05-30 21:01:18',75,12),(983,'2025-05-30 21:01:18',100,5),(984,'2025-05-30 21:01:18',77,12),(985,'2025-05-30 21:01:18',0,5),(986,'2025-05-30 21:01:18',75,12),(987,'2025-05-30 21:01:18',100,5),(988,'2025-05-30 21:01:18',77,12),(989,'2025-05-30 21:01:18',0,5),(990,'2025-05-30 21:01:18',75,12),(991,'2025-05-30 21:01:18',100,5),(992,'2025-05-30 21:01:18',77,12),(993,'2025-05-30 21:01:19',0,5),(994,'2025-05-30 21:01:19',75,12),(995,'2025-05-30 21:01:19',100,5),(996,'2025-05-30 21:01:19',77,12),(997,'2025-05-30 21:01:19',0,5),(998,'2025-05-30 21:01:19',75,12),(999,'2025-05-30 21:01:19',100,5),(1000,'2025-05-30 21:01:19',77,12),(1001,'2025-05-30 21:01:19',0,5),(1002,'2025-05-30 21:01:19',75,12),(1003,'2025-05-30 21:01:19',100,5),(1004,'2025-05-30 21:01:19',77,12),(1005,'2025-05-30 21:01:19',0,5),(1006,'2025-05-30 21:01:19',75,12),(1007,'2025-05-30 21:01:20',100,5),(1008,'2025-05-30 21:01:20',77,12),(1009,'2025-05-30 21:01:20',0,5),(1010,'2025-05-30 21:01:20',75,12),(1011,'2025-05-30 21:01:20',100,5),(1012,'2025-05-30 21:01:20',77,12),(1013,'2025-05-30 21:01:20',0,5),(1014,'2025-05-30 21:01:20',75,12),(1015,'2025-05-30 21:01:20',100,5),(1016,'2025-05-30 21:01:20',77,12),(1017,'2025-05-30 21:01:20',0,5),(1018,'2025-05-30 21:01:20',75,12),(1019,'2025-05-30 21:01:20',100,5),(1020,'2025-05-30 21:01:20',77,12),(1021,'2025-05-30 21:01:20',0,5),(1022,'2025-05-30 21:01:20',75,12),(1023,'2025-05-30 21:01:20',100,5),(1024,'2025-05-30 21:01:20',77,12),(1025,'2025-05-30 21:01:21',0,5),(1026,'2025-05-30 21:01:21',75,12),(1027,'2025-05-30 21:01:21',100,5),(1028,'2025-05-30 21:01:21',77,12),(1029,'2025-05-30 21:01:21',0,5),(1030,'2025-05-30 21:01:21',75,12),(1031,'2025-05-30 21:01:21',100,5),(1032,'2025-05-30 21:01:21',77,12),(1033,'2025-05-30 21:01:21',0,5),(1034,'2025-05-30 21:01:21',75,12),(1035,'2025-05-30 21:01:21',100,5),(1036,'2025-05-30 21:01:21',76,12),(1037,'2025-05-30 21:01:21',0,5),(1038,'2025-05-30 21:01:21',75,12),(1039,'2025-05-30 21:01:22',100,5),(1040,'2025-05-30 21:01:22',76,12),(1041,'2025-05-30 21:01:22',0,5),(1042,'2025-05-30 21:01:22',75,12),(1043,'2025-05-30 21:01:22',100,5),(1044,'2025-05-30 21:01:22',76,12),(1045,'2025-05-30 21:01:22',0,5),(1046,'2025-05-30 21:01:22',75,12),(1047,'2025-05-30 21:01:22',100,5),(1048,'2025-05-30 21:01:22',77,12),(1049,'2025-05-30 21:01:22',0,5),(1050,'2025-05-30 21:01:22',75,12),(1051,'2025-05-30 21:01:22',100,5),(1052,'2025-05-30 21:01:22',77,12),(1053,'2025-05-30 21:01:22',0,5),(1054,'2025-05-30 21:01:22',75,12),(1055,'2025-05-30 21:01:22',100,5),(1056,'2025-05-30 21:01:22',77,12),(1057,'2025-05-30 21:01:23',0,5),(1058,'2025-05-30 21:01:23',75,12),(1059,'2025-05-30 21:01:23',100,5),(1060,'2025-05-30 21:01:23',77,12),(1061,'2025-05-30 21:01:23',0,5),(1062,'2025-05-30 21:01:23',75,12),(1063,'2025-05-30 21:01:23',100,5),(1064,'2025-05-30 21:01:23',77,12),(1065,'2025-05-30 21:01:23',0,5),(1066,'2025-05-30 21:01:23',75,12),(1067,'2025-05-30 21:01:23',100,5),(1068,'2025-05-30 21:01:23',77,12),(1069,'2025-05-30 21:01:25',0,5),(1070,'2025-05-30 21:01:25',75,12),(1071,'2025-05-30 21:01:25',100,5),(1072,'2025-05-30 21:01:25',77,12),(1073,'2025-05-30 21:01:25',0,5),(1074,'2025-05-30 21:01:25',75,12),(1075,'2025-05-30 21:01:26',100,5),(1076,'2025-05-30 21:01:26',76,12),(1077,'2025-05-30 21:01:26',0,5),(1078,'2025-05-30 21:01:26',75,12),(1079,'2025-05-30 21:01:26',100,5),(1080,'2025-05-30 21:01:26',76,12),(1081,'2025-05-30 21:01:26',0,5),(1082,'2025-05-30 21:01:26',75,12),(1083,'2025-05-30 21:01:26',100,5),(1084,'2025-05-30 21:01:26',76,12),(1085,'2025-05-30 21:01:26',0,5),(1086,'2025-05-30 21:01:26',75,12),(1087,'2025-05-30 21:01:26',100,5),(1088,'2025-05-30 21:01:26',77,12),(1089,'2025-05-30 21:01:26',0,5),(1090,'2025-05-30 21:01:26',75,12),(1091,'2025-05-30 21:01:26',100,5),(1092,'2025-05-30 21:01:26',77,12),(1093,'2025-05-30 21:01:26',0,5),(1094,'2025-05-30 21:01:26',75,12),(1095,'2025-05-30 21:01:27',100,5),(1096,'2025-05-30 21:01:27',77,12),(1097,'2025-05-30 21:01:30',0,5),(1098,'2025-05-30 21:01:30',75,12),(1099,'2025-05-30 21:01:30',100,5),(1100,'2025-05-30 21:01:30',77,12),(1101,'2025-05-30 21:01:30',0,5),(1102,'2025-05-30 21:01:30',75,12),(1103,'2025-05-30 21:01:30',100,5),(1104,'2025-05-30 21:01:30',77,12),(1105,'2025-05-30 21:01:30',0,5),(1106,'2025-05-30 21:01:30',75,12),(1107,'2025-05-30 21:01:30',100,5),(1108,'2025-05-30 21:01:30',77,12),(1109,'2025-05-30 21:01:31',0,5),(1110,'2025-05-30 21:01:31',75,12),(1111,'2025-05-30 21:01:31',100,5),(1112,'2025-05-30 21:01:31',77,12),(1113,'2025-05-30 21:01:31',0,5),(1114,'2025-05-30 21:01:31',75,12),(1115,'2025-05-30 21:01:31',100,5),(1116,'2025-05-30 21:01:31',77,12),(1117,'2025-05-30 21:01:31',0,5),(1118,'2025-05-30 21:01:31',75,12),(1119,'2025-05-30 21:01:31',100,5),(1120,'2025-05-30 21:01:31',77,12),(1121,'2025-05-30 21:01:32',0,5),(1122,'2025-05-30 21:01:32',75,12),(1123,'2025-05-30 21:01:32',100,5),(1124,'2025-05-30 21:01:32',77,12),(1125,'2025-05-30 21:01:32',0,5),(1126,'2025-05-30 21:01:32',75,12),(1127,'2025-05-30 21:01:32',100,5),(1128,'2025-05-30 21:01:32',77,12),(1129,'2025-05-30 21:01:32',0,5),(1130,'2025-05-30 21:01:32',75,12),(1131,'2025-05-30 21:01:32',100,5),(1132,'2025-05-30 21:01:32',77,12),(1133,'2025-05-30 21:01:34',0,5),(1134,'2025-05-30 21:01:34',75,12),(1135,'2025-05-30 21:01:34',100,5),(1136,'2025-05-30 21:01:34',76,12),(1137,'2025-05-30 21:01:34',0,5),(1138,'2025-05-30 21:01:34',75,12),(1139,'2025-05-30 21:01:34',100,5),(1140,'2025-05-30 21:01:34',76,12),(1141,'2025-05-30 21:01:35',0,5),(1142,'2025-05-30 21:01:35',75,12),(1143,'2025-05-30 21:01:35',100,5),(1144,'2025-05-30 21:01:35',77,12),(1145,'2025-05-30 21:01:35',0,5),(1146,'2025-05-30 21:01:35',75,12),(1147,'2025-05-30 21:01:35',100,5),(1148,'2025-05-30 21:01:35',77,12),(1149,'2025-05-30 21:01:44',0,5),(1150,'2025-05-30 21:01:44',75,12),(1151,'2025-05-30 21:01:44',100,5),(1152,'2025-05-30 21:01:44',77,12),(1153,'2025-05-30 21:01:44',0,5),(1154,'2025-05-30 21:01:44',75,12),(1155,'2025-05-30 21:01:44',100,5),(1156,'2025-05-30 21:01:44',77,12),(1157,'2025-05-30 21:01:45',0,5),(1158,'2025-05-30 21:01:45',75,12),(1159,'2025-05-30 21:01:45',100,5),(1160,'2025-05-30 21:01:45',77,12),(1161,'2025-05-30 21:01:49',0,5),(1162,'2025-05-30 21:01:49',75,12),(1163,'2025-05-30 21:01:49',100,5),(1164,'2025-05-30 21:01:49',76,12),(1165,'2025-05-30 21:01:49',0,5),(1166,'2025-05-30 21:01:49',75,12),(1167,'2025-05-30 21:01:49',100,5),(1168,'2025-05-30 21:01:49',77,12),(1169,'2025-05-30 21:01:49',0,5),(1170,'2025-05-30 21:01:49',75,12),(1171,'2025-05-30 21:01:49',100,5),(1172,'2025-05-30 21:01:50',77,12),(1173,'2025-05-30 21:01:50',0,5),(1174,'2025-05-30 21:01:50',75,12),(1175,'2025-05-30 21:01:50',100,5),(1176,'2025-05-30 21:01:50',77,12),(1177,'2025-05-30 21:01:50',0,5),(1178,'2025-05-30 21:01:50',75,12),(1179,'2025-05-30 21:01:50',100,5),(1180,'2025-05-30 21:01:50',77,12),(1181,'2025-05-30 21:02:02',0,5),(1182,'2025-05-30 21:02:02',75,12),(1183,'2025-05-30 21:02:02',100,5),(1184,'2025-05-30 21:02:02',77,12),(1185,'2025-05-30 21:02:12',0,5),(1186,'2025-05-30 21:02:12',75,12),(1187,'2025-05-30 21:02:12',100,5),(1188,'2025-05-30 21:02:12',77,12),(1189,'2025-05-30 21:02:19',0,5),(1190,'2025-05-30 21:02:19',75,12),(1191,'2025-05-30 21:02:19',100,5),(1192,'2025-05-30 21:02:19',76,12),(1193,'2025-05-30 21:02:19',0,5),(1194,'2025-05-30 21:02:19',75,12),(1195,'2025-05-30 21:02:19',100,5),(1196,'2025-05-30 21:02:19',76,12),(1197,'2025-05-30 21:02:20',0,5),(1198,'2025-05-30 21:02:20',75,12),(1199,'2025-05-30 21:02:20',100,5),(1200,'2025-05-30 21:02:20',77,12),(1201,'2025-05-30 21:02:26',0,5),(1202,'2025-05-30 21:02:26',75,12),(1203,'2025-05-30 21:02:27',100,5),(1204,'2025-05-30 21:02:27',77,12),(1205,'2025-05-30 21:02:27',0,5),(1206,'2025-05-30 21:02:27',75,12),(1207,'2025-05-30 21:02:27',100,5),(1208,'2025-05-30 21:02:27',77,12),(1209,'2025-05-30 21:03:34',0,5),(1210,'2025-05-30 21:03:34',75,12),(1211,'2025-05-30 21:03:34',100,5),(1212,'2025-05-30 21:03:34',77,12),(1213,'2025-05-30 21:04:43',100,5),(1214,'2025-05-30 21:04:43',78,12),(1215,'2025-05-30 21:04:43',0,4),(1216,'2025-05-30 21:04:50',0,5),(1217,'2025-05-30 21:04:50',68,12),(1218,'2025-05-30 21:04:51',100,5),(1219,'2025-05-30 21:04:51',77,12),(1220,'2025-05-30 21:08:28',100,5),(1221,'2025-05-30 21:08:28',79,12),(1222,'2025-05-30 21:08:28',0,4),(1223,'2025-05-30 21:11:46',100,5),(1224,'2025-05-30 21:11:46',80,12),(1225,'2025-05-30 21:11:46',0,4),(1226,'2025-05-30 21:12:04',100,5),(1227,'2025-05-30 21:12:04',81,12),(1228,'2025-05-30 21:12:04',0,4),(1229,'2025-05-30 21:24:41',100,5),(1230,'2025-05-30 21:24:41',84,12),(1231,'2025-05-30 21:24:41',0,4),(1232,'2025-05-30 21:31:51',100,5),(1233,'2025-05-30 21:31:51',86,12),(1234,'2025-05-30 21:31:51',0,4),(1235,'2025-05-30 21:32:25',100,5),(1236,'2025-05-30 21:32:25',87,12),(1237,'2025-05-30 21:32:25',0,4),(1238,'2025-05-30 21:33:06',100,5),(1239,'2025-05-30 21:33:06',87,12),(1240,'2025-05-30 21:33:06',0,4),(1241,'2025-05-30 21:33:27',100,5),(1242,'2025-05-30 21:33:27',87,12),(1243,'2025-05-30 21:33:27',0,4),(1244,'2025-05-30 21:33:57',1,8),(1245,'2025-05-30 21:33:57',100,3),(1246,'2025-05-30 21:33:58',0,8),(1247,'2025-05-30 21:33:58',100,3),(1248,'2025-05-30 21:33:59',1,8),(1249,'2025-05-30 21:33:59',100,3),(1250,'2025-05-30 21:34:00',0,8),(1251,'2025-05-30 21:34:00',100,3),(1252,'2025-05-30 21:34:00',1,8),(1253,'2025-05-30 21:34:00',100,3),(1254,'2025-05-30 21:34:04',1,8),(1255,'2025-05-30 21:41:44',100,5),(1256,'2025-05-30 21:41:44',88,12),(1257,'2025-05-30 21:41:44',0,4),(1258,'2025-05-30 21:41:49',100,4),(1259,'2025-05-30 21:41:49',1,7),(1260,'2025-05-30 21:41:54',0,4),(1261,'2025-05-30 21:42:08',1,8),(1262,'2025-05-30 21:42:08',100,3),(1263,'2025-05-30 21:42:09',1,8),(1264,'2025-05-30 21:42:10',100,4),(1265,'2025-05-30 21:42:10',1,7),(1266,'2025-05-30 21:42:13',0,8),(1267,'2025-05-30 21:42:13',100,3),(1268,'2025-05-30 21:42:16',0,4),(1269,'2025-05-30 21:43:57',100,5),(1270,'2025-05-30 21:43:57',87,12),(1271,'2025-05-30 21:43:57',0,4),(1272,'2025-05-30 21:50:32',100,5),(1273,'2025-05-30 21:50:32',88,12),(1274,'2025-05-30 21:50:32',0,4),(1275,'2025-05-30 22:04:39',100,5),(1276,'2025-05-30 22:04:39',94,12),(1277,'2025-05-30 22:04:39',0,4),(1278,'2025-05-30 22:12:35',100,5),(1279,'2025-05-30 22:12:35',94,12),(1280,'2025-05-30 22:12:35',0,4),(1281,'2025-06-02 19:46:38',0,5),(1282,'2025-06-02 19:46:38',0,12),(1283,'2025-06-02 19:46:38',100,4),(1284,'2025-06-02 19:46:38',1,7),(1285,'2025-06-02 19:47:27',0,5),(1286,'2025-06-02 19:47:27',0,12),(1287,'2025-06-02 19:47:27',100,4),(1288,'2025-06-02 19:47:27',1,7),(1289,'2025-06-02 19:49:03',0,5),(1290,'2025-06-02 19:49:03',0,12),(1291,'2025-06-02 19:49:03',100,4),(1292,'2025-06-02 19:49:03',1,7),(1293,'2025-06-02 19:49:25',0,5),(1294,'2025-06-02 19:49:25',0,12),(1295,'2025-06-02 19:49:25',100,4),(1296,'2025-06-02 19:49:25',1,7),(1297,'2025-06-02 19:51:07',0,5),(1298,'2025-06-02 19:51:07',0,12),(1299,'2025-06-02 19:51:07',100,4),(1300,'2025-06-02 19:51:07',1,7),(1301,'2025-06-02 19:51:20',0,5),(1302,'2025-06-02 19:51:20',0,12),(1303,'2025-06-02 19:51:20',100,4),(1304,'2025-06-02 19:51:20',1,7),(1305,'2025-06-02 19:58:15',0,5),(1306,'2025-06-02 19:58:15',0,12),(1307,'2025-06-02 19:58:15',100,4),(1308,'2025-06-02 19:58:15',1,7),(1309,'2025-06-02 20:07:19',0,5),(1310,'2025-06-02 20:07:19',0,12),(1311,'2025-06-02 20:07:19',100,4),(1312,'2025-06-02 20:07:19',1,7),(1313,'2025-06-02 20:07:31',0,5),(1314,'2025-06-02 20:07:31',0,12),(1315,'2025-06-02 20:07:31',100,4),(1316,'2025-06-02 20:07:31',1,7),(1317,'2025-06-02 20:07:52',0,5),(1318,'2025-06-02 20:07:52',0,12),(1319,'2025-06-02 20:07:52',100,4),(1320,'2025-06-02 20:07:52',1,7),(1321,'2025-06-02 20:10:11',0,5),(1322,'2025-06-02 20:10:11',0,12),(1323,'2025-06-02 20:10:11',100,4),(1324,'2025-06-02 20:10:11',1,7),(1325,'2025-06-02 20:29:53',1,8),(1326,'2025-06-02 20:29:53',100,3),(1327,'2025-06-02 20:29:53',1,8),(1328,'2025-06-02 20:42:51',0,5),(1329,'2025-06-02 20:42:51',0,12),(1330,'2025-06-02 20:42:51',100,4),(1331,'2025-06-02 20:42:51',1,7),(1332,'2025-06-02 20:42:58',0,13),(1333,'2025-06-02 20:42:58',0.0156255,14),(1334,'2025-06-02 20:42:58',0,15),(1335,'2025-06-02 20:42:58',0,16),(1336,'2025-06-02 20:42:58',0,17),(1337,'2025-06-02 20:42:58',0,18),(1338,'2025-06-02 20:43:02',0,13),(1339,'2025-06-02 20:43:02',0.0156255,14),(1340,'2025-06-02 20:43:02',0,15),(1341,'2025-06-02 20:43:02',0,16),(1342,'2025-06-02 20:43:02',0,17),(1343,'2025-06-02 20:43:02',0,18),(1344,'2025-06-02 20:43:06',0,13),(1345,'2025-06-02 20:43:06',0.0156255,14),(1346,'2025-06-02 20:43:06',0,15),(1347,'2025-06-02 20:43:06',0,16),(1348,'2025-06-02 20:43:06',0,17),(1349,'2025-06-02 20:43:06',0,18),(1350,'2025-06-02 20:43:10',0,13),(1351,'2025-06-02 20:43:10',0.0156255,14),(1352,'2025-06-02 20:43:10',0,15),(1353,'2025-06-02 20:43:10',0,16),(1354,'2025-06-02 20:43:10',0,17),(1355,'2025-06-02 20:43:10',0,18),(1356,'2025-06-02 20:43:14',0,13),(1357,'2025-06-02 20:43:14',0.0156255,14),(1358,'2025-06-02 20:43:14',0,15),(1359,'2025-06-02 20:43:14',0,16),(1360,'2025-06-02 20:43:14',0,17),(1361,'2025-06-02 20:43:14',0,18),(1362,'2025-06-02 20:43:18',0,13),(1363,'2025-06-02 20:43:18',0.0156255,14),(1364,'2025-06-02 20:43:18',0,15),(1365,'2025-06-02 20:43:18',0,16),(1366,'2025-06-02 20:43:18',0,17),(1367,'2025-06-02 20:43:18',0,18),(1368,'2025-06-02 20:43:22',0,13),(1369,'2025-06-02 20:43:22',0.0156255,14),(1370,'2025-06-02 20:43:22',0,15),(1371,'2025-06-02 20:43:22',0,16),(1372,'2025-06-02 20:43:22',0,17),(1373,'2025-06-02 20:43:22',0,18),(1374,'2025-06-02 20:43:26',0,13),(1375,'2025-06-02 20:43:26',0.0156255,14),(1376,'2025-06-02 20:43:26',0,15),(1377,'2025-06-02 20:43:26',0,16),(1378,'2025-06-02 20:43:26',0,17),(1379,'2025-06-02 20:43:26',0,18),(1380,'2025-06-02 20:43:30',0,13),(1381,'2025-06-02 20:43:30',0.0156255,14),(1382,'2025-06-02 20:43:30',0,15),(1383,'2025-06-02 20:43:30',0,16),(1384,'2025-06-02 20:43:30',0,17),(1385,'2025-06-02 20:43:30',0,18),(1386,'2025-06-02 20:43:33',0,13),(1387,'2025-06-02 20:43:33',0.0156255,14),(1388,'2025-06-02 20:43:33',0,15),(1389,'2025-06-02 20:43:33',0,16),(1390,'2025-06-02 20:43:33',0,17),(1391,'2025-06-02 20:43:33',0,18),(1392,'2025-06-02 20:43:37',0,13),(1393,'2025-06-02 20:43:37',0.0156255,14),(1394,'2025-06-02 20:43:37',0,15),(1395,'2025-06-02 20:43:37',0,16),(1396,'2025-06-02 20:43:37',0,17),(1397,'2025-06-02 20:43:37',0,18),(1398,'2025-06-02 20:43:41',0,13),(1399,'2025-06-02 20:43:41',0.0156255,14),(1400,'2025-06-02 20:43:41',0,15),(1401,'2025-06-02 20:43:41',0,16),(1402,'2025-06-02 20:43:41',0,17),(1403,'2025-06-02 20:43:41',0,18),(1404,'2025-06-02 20:43:45',0,13),(1405,'2025-06-02 20:43:45',0.0156255,14),(1406,'2025-06-02 20:43:45',0,15),(1407,'2025-06-02 20:43:45',0,16),(1408,'2025-06-02 20:43:45',0,17),(1409,'2025-06-02 20:43:45',0,18),(1410,'2025-06-02 20:43:49',0,13),(1411,'2025-06-02 20:43:49',0.0156255,14),(1412,'2025-06-02 20:43:49',0,15),(1413,'2025-06-02 20:43:49',0,16),(1414,'2025-06-02 20:43:49',0,17),(1415,'2025-06-02 20:43:49',0,18),(1416,'2025-06-02 20:43:53',0,13),(1417,'2025-06-02 20:43:53',0.0156255,14),(1418,'2025-06-02 20:43:53',0,15),(1419,'2025-06-02 20:43:53',0,16),(1420,'2025-06-02 20:43:53',0,17),(1421,'2025-06-02 20:43:53',0,18),(1422,'2025-06-02 20:43:57',0,13),(1423,'2025-06-02 20:43:57',0.0156255,14),(1424,'2025-06-02 20:43:57',0,15),(1425,'2025-06-02 20:43:57',0,16),(1426,'2025-06-02 20:43:57',0,17),(1427,'2025-06-02 20:43:57',0,18),(1428,'2025-06-02 20:44:01',0,13),(1429,'2025-06-02 20:44:01',0.0156255,14),(1430,'2025-06-02 20:44:01',0,15),(1431,'2025-06-02 20:44:01',0,16),(1432,'2025-06-02 20:44:01',0,17),(1433,'2025-06-02 20:44:01',0,18),(1434,'2025-06-02 20:44:05',0,13),(1435,'2025-06-02 20:44:05',0.0156255,14),(1436,'2025-06-02 20:44:05',0,15),(1437,'2025-06-02 20:44:05',0,16),(1438,'2025-06-02 20:44:05',0,17),(1439,'2025-06-02 20:44:05',0,18),(1440,'2025-06-02 20:44:09',0,13),(1441,'2025-06-02 20:44:09',0.0156255,14),(1442,'2025-06-02 20:44:09',0,15),(1443,'2025-06-02 20:44:09',0,16),(1444,'2025-06-02 20:44:09',0,17),(1445,'2025-06-02 20:44:09',0,18),(1446,'2025-06-02 20:44:12',0,13),(1447,'2025-06-02 20:44:12',0.0156255,14),(1448,'2025-06-02 20:44:12',0,15),(1449,'2025-06-02 20:44:12',0,16),(1450,'2025-06-02 20:44:12',0,17),(1451,'2025-06-02 20:44:12',0,18),(1452,'2025-06-02 20:44:16',0,13),(1453,'2025-06-02 20:44:16',0.0156255,14),(1454,'2025-06-02 20:44:16',0,15),(1455,'2025-06-02 20:44:16',0,16),(1456,'2025-06-02 20:44:16',0,17),(1457,'2025-06-02 20:44:16',0,18),(1458,'2025-06-02 20:44:20',0,13),(1459,'2025-06-02 20:44:20',0.0156255,14),(1460,'2025-06-02 20:44:20',0,15),(1461,'2025-06-02 20:44:20',0,16),(1462,'2025-06-02 20:44:20',0,17),(1463,'2025-06-02 20:44:20',0,18),(1464,'2025-06-02 20:44:24',0,13),(1465,'2025-06-02 20:44:24',0.0156255,14),(1466,'2025-06-02 20:44:24',0,15),(1467,'2025-06-02 20:44:24',0,16),(1468,'2025-06-02 20:44:24',0,17),(1469,'2025-06-02 20:44:24',0,18),(1470,'2025-06-02 20:44:28',0,13),(1471,'2025-06-02 20:44:28',0.0156255,14),(1472,'2025-06-02 20:44:28',0,15),(1473,'2025-06-02 20:44:28',0,16),(1474,'2025-06-02 20:44:28',0,17),(1475,'2025-06-02 20:44:28',0,18),(1476,'2025-06-02 20:44:32',0,13),(1477,'2025-06-02 20:44:32',0.0156255,14),(1478,'2025-06-02 20:44:32',0,15),(1479,'2025-06-02 20:44:32',0,16),(1480,'2025-06-02 20:44:32',0,17),(1481,'2025-06-02 20:44:32',0,18),(1482,'2025-06-02 20:44:36',0,13),(1483,'2025-06-02 20:44:36',0,14),(1484,'2025-06-02 20:44:36',0,15),(1485,'2025-06-02 20:44:36',0,16),(1486,'2025-06-02 20:44:36',0,17),(1487,'2025-06-02 20:44:36',0,18),(1488,'2025-06-02 20:44:40',0,13),(1489,'2025-06-02 20:44:40',0.0156255,14),(1490,'2025-06-02 20:44:40',0,15),(1491,'2025-06-02 20:44:40',0,16),(1492,'2025-06-02 20:44:40',0,17),(1493,'2025-06-02 20:44:40',0,18),(1494,'2025-06-02 20:44:44',0,13),(1495,'2025-06-02 20:44:44',0.0156255,14),(1496,'2025-06-02 20:44:44',0,15),(1497,'2025-06-02 20:44:44',0,16),(1498,'2025-06-02 20:44:44',0,17),(1499,'2025-06-02 20:44:44',0,18),(1500,'2025-06-02 20:44:48',0,13),(1501,'2025-06-02 20:44:48',0.0156255,14),(1502,'2025-06-02 20:44:48',0,15),(1503,'2025-06-02 20:44:48',0,16),(1504,'2025-06-02 20:44:48',0,17),(1505,'2025-06-02 20:44:48',0,18),(1506,'2025-06-02 20:44:51',0,13),(1507,'2025-06-02 20:44:51',0.0156255,14),(1508,'2025-06-02 20:44:51',0,15),(1509,'2025-06-02 20:44:51',0,16),(1510,'2025-06-02 20:44:51',0,17),(1511,'2025-06-02 20:44:51',0,18),(1512,'2025-06-02 20:45:44',0,5),(1513,'2025-06-02 20:45:44',0,12),(1514,'2025-06-02 20:45:44',100,4),(1515,'2025-06-02 20:45:44',1,7),(1516,'2025-06-02 20:45:51',0,13),(1517,'2025-06-02 20:45:51',0.0156255,14),(1518,'2025-06-02 20:45:51',0,15),(1519,'2025-06-02 20:45:51',0,16),(1520,'2025-06-02 20:45:51',0,17),(1521,'2025-06-02 20:45:51',0,18),(1522,'2025-06-02 20:45:55',0,13),(1523,'2025-06-02 20:45:55',0.0156255,14),(1524,'2025-06-02 20:45:55',0,15),(1525,'2025-06-02 20:45:55',0,16),(1526,'2025-06-02 20:45:55',0,17),(1527,'2025-06-02 20:45:55',0,18),(1528,'2025-06-02 20:45:59',0,13),(1529,'2025-06-02 20:45:59',0.0156255,14),(1530,'2025-06-02 20:45:59',0,15),(1531,'2025-06-02 20:45:59',0,16),(1532,'2025-06-02 20:45:59',0,17),(1533,'2025-06-02 20:45:59',0,18),(1534,'2025-06-02 20:46:03',0,13),(1535,'2025-06-02 20:46:03',0.0156255,14),(1536,'2025-06-02 20:46:03',0,15),(1537,'2025-06-02 20:46:03',0,16),(1538,'2025-06-02 20:46:03',0,17),(1539,'2025-06-02 20:46:03',0,18),(1540,'2025-06-02 20:46:07',0,13),(1541,'2025-06-02 20:46:07',0.0156255,14),(1542,'2025-06-02 20:46:07',0,15),(1543,'2025-06-02 20:46:07',0,16),(1544,'2025-06-02 20:46:07',0,17),(1545,'2025-06-02 20:46:07',0,18),(1546,'2025-06-02 20:46:11',0,13),(1547,'2025-06-02 20:46:11',0.0156255,14),(1548,'2025-06-02 20:46:11',0,15),(1549,'2025-06-02 20:46:11',0,16),(1550,'2025-06-02 20:46:11',0,17),(1551,'2025-06-02 20:46:11',0,18),(1552,'2025-06-02 20:46:15',0,13),(1553,'2025-06-02 20:46:15',0.0156255,14),(1554,'2025-06-02 20:46:15',0,15),(1555,'2025-06-02 20:46:15',0,16),(1556,'2025-06-02 20:46:15',0,17),(1557,'2025-06-02 20:46:15',0,18),(1558,'2025-06-02 20:46:19',0,13),(1559,'2025-06-02 20:46:19',0.0156255,14),(1560,'2025-06-02 20:46:19',0,15),(1561,'2025-06-02 20:46:19',0,16),(1562,'2025-06-02 20:46:19',0,17),(1563,'2025-06-02 20:46:19',0,18),(1564,'2025-06-02 20:46:23',0,13),(1565,'2025-06-02 20:46:23',0.0156255,14),(1566,'2025-06-02 20:46:23',0,15),(1567,'2025-06-02 20:46:23',0,16),(1568,'2025-06-02 20:46:23',0,17),(1569,'2025-06-02 20:46:23',0,18),(1570,'2025-06-02 20:46:27',0,13),(1571,'2025-06-02 20:46:27',0.0156255,14),(1572,'2025-06-02 20:46:27',0,15),(1573,'2025-06-02 20:46:27',0,16),(1574,'2025-06-02 20:46:27',0,17),(1575,'2025-06-02 20:46:27',0,18),(1576,'2025-06-02 20:46:30',0,13),(1577,'2025-06-02 20:46:30',0.0156255,14),(1578,'2025-06-02 20:46:30',0,15),(1579,'2025-06-02 20:46:30',0,16),(1580,'2025-06-02 20:46:30',0,17),(1581,'2025-06-02 20:46:30',0,18),(1582,'2025-06-02 20:46:34',0,13),(1583,'2025-06-02 20:46:34',0.0156255,14),(1584,'2025-06-02 20:46:34',0,15),(1585,'2025-06-02 20:46:34',0,16),(1586,'2025-06-02 20:46:34',0,17),(1587,'2025-06-02 20:46:34',0,18),(1588,'2025-06-02 20:46:38',0,13),(1589,'2025-06-02 20:46:38',0.0156255,14),(1590,'2025-06-02 20:46:38',0,15),(1591,'2025-06-02 20:46:38',0,16),(1592,'2025-06-02 20:46:38',0,17),(1593,'2025-06-02 20:46:38',0,18),(1594,'2025-06-02 20:46:42',0,13),(1595,'2025-06-02 20:46:42',0.0156255,14),(1596,'2025-06-02 20:46:42',0,15),(1597,'2025-06-02 20:46:42',0,16),(1598,'2025-06-02 20:46:42',0,17),(1599,'2025-06-02 20:46:42',0,18),(1600,'2025-06-02 20:46:46',0,13),(1601,'2025-06-02 20:46:46',0.0156255,14),(1602,'2025-06-02 20:46:46',0,15),(1603,'2025-06-02 20:46:46',0,16),(1604,'2025-06-02 20:46:46',0,17),(1605,'2025-06-02 20:46:46',0,18),(1606,'2025-06-02 20:46:50',0,13),(1607,'2025-06-02 20:46:50',0.0156255,14),(1608,'2025-06-02 20:46:50',0,15),(1609,'2025-06-02 20:46:50',0,16),(1610,'2025-06-02 20:46:50',0,17),(1611,'2025-06-02 20:46:50',0,18),(1612,'2025-06-02 20:46:54',0,13),(1613,'2025-06-02 20:46:54',0.0156255,14),(1614,'2025-06-02 20:46:54',0,15),(1615,'2025-06-02 20:46:54',0,16),(1616,'2025-06-02 20:46:54',0,17),(1617,'2025-06-02 20:46:54',0,18),(1618,'2025-06-02 20:46:58',0,13),(1619,'2025-06-02 20:46:58',0.0156255,14),(1620,'2025-06-02 20:46:58',0,15),(1621,'2025-06-02 20:46:58',0,16),(1622,'2025-06-02 20:46:58',0,17),(1623,'2025-06-02 20:46:58',0,18),(1624,'2025-06-02 20:47:02',0,13),(1625,'2025-06-02 20:47:02',0.0156255,14),(1626,'2025-06-02 20:47:02',0,15),(1627,'2025-06-02 20:47:02',0,16),(1628,'2025-06-02 20:47:02',0,17),(1629,'2025-06-02 20:47:02',0,18),(1630,'2025-06-02 20:47:06',0,13),(1631,'2025-06-02 20:47:06',0.0156255,14),(1632,'2025-06-02 20:47:06',0,15),(1633,'2025-06-02 20:47:06',0,16),(1634,'2025-06-02 20:47:06',0,17),(1635,'2025-06-02 20:47:06',0,18),(1636,'2025-06-02 20:47:09',0,13),(1637,'2025-06-02 20:47:09',0.0156255,14),(1638,'2025-06-02 20:47:09',0,15),(1639,'2025-06-02 20:47:09',0,16),(1640,'2025-06-02 20:47:09',0,17),(1641,'2025-06-02 20:47:09',0,18),(1642,'2025-06-02 20:47:13',0,13),(1643,'2025-06-02 20:47:13',0.0156255,14),(1644,'2025-06-02 20:47:13',0,15),(1645,'2025-06-02 20:47:13',0,16),(1646,'2025-06-02 20:47:13',0,17),(1647,'2025-06-02 20:47:13',0,18),(1648,'2025-06-02 20:47:17',0,13),(1649,'2025-06-02 20:47:17',0,14),(1650,'2025-06-02 20:47:17',0,15),(1651,'2025-06-02 20:47:17',0,16),(1652,'2025-06-02 20:47:17',0,17),(1653,'2025-06-02 20:47:17',0,18),(1654,'2025-06-02 20:47:21',0,13),(1655,'2025-06-02 20:47:21',0.0156255,14),(1656,'2025-06-02 20:47:21',0,15),(1657,'2025-06-02 20:47:21',0,16),(1658,'2025-06-02 20:47:21',0,17),(1659,'2025-06-02 20:47:21',0,18),(1660,'2025-06-02 20:47:25',0,13),(1661,'2025-06-02 20:47:25',0.0156255,14),(1662,'2025-06-02 20:47:25',0,15),(1663,'2025-06-02 20:47:25',0,16),(1664,'2025-06-02 20:47:25',0,17),(1665,'2025-06-02 20:47:25',0,18),(1666,'2025-06-02 20:47:29',0,13),(1667,'2025-06-02 20:47:29',0.0156255,14),(1668,'2025-06-02 20:47:29',0,15),(1669,'2025-06-02 20:47:29',0,16),(1670,'2025-06-02 20:47:29',0,17),(1671,'2025-06-02 20:47:29',0,18),(1672,'2025-06-02 20:47:33',0,13),(1673,'2025-06-02 20:47:33',0.0156255,14),(1674,'2025-06-02 20:47:33',0,15),(1675,'2025-06-02 20:47:33',0,16),(1676,'2025-06-02 20:47:33',0,17),(1677,'2025-06-02 20:47:33',0,18),(1678,'2025-06-02 20:47:37',0,13),(1679,'2025-06-02 20:47:37',0.0156255,14),(1680,'2025-06-02 20:47:37',0,15),(1681,'2025-06-02 20:47:37',0,16),(1682,'2025-06-02 20:47:37',0,17),(1683,'2025-06-02 20:47:37',0,18),(1684,'2025-06-02 20:47:41',0,13),(1685,'2025-06-02 20:47:41',0.0156255,14),(1686,'2025-06-02 20:47:41',0,15),(1687,'2025-06-02 20:47:41',0,16),(1688,'2025-06-02 20:47:41',0,17),(1689,'2025-06-02 20:47:41',0,18),(1690,'2025-06-02 20:47:45',0,13),(1691,'2025-06-02 20:47:45',0.0156255,14),(1692,'2025-06-02 20:47:45',0,15),(1693,'2025-06-02 20:47:45',0,16),(1694,'2025-06-02 20:47:45',0,17),(1695,'2025-06-02 20:47:45',0,18),(1696,'2025-06-02 20:47:48',0,13),(1697,'2025-06-02 20:47:48',0.0156255,14),(1698,'2025-06-02 20:47:48',0,15),(1699,'2025-06-02 20:47:48',0,16),(1700,'2025-06-02 20:47:48',0,17),(1701,'2025-06-02 20:47:48',0,18),(1702,'2025-06-02 20:47:52',0,13),(1703,'2025-06-02 20:47:52',0.0156255,14),(1704,'2025-06-02 20:47:52',0,15),(1705,'2025-06-02 20:47:52',0,16),(1706,'2025-06-02 20:47:52',0,17),(1707,'2025-06-02 20:47:52',0,18),(1708,'2025-06-02 20:47:56',0,13),(1709,'2025-06-02 20:47:56',0.0156255,14),(1710,'2025-06-02 20:47:56',0,15),(1711,'2025-06-02 20:47:56',0,16),(1712,'2025-06-02 20:47:56',0,17),(1713,'2025-06-02 20:47:56',0,18),(1714,'2025-06-02 20:48:00',0,13),(1715,'2025-06-02 20:48:00',0.0156255,14),(1716,'2025-06-02 20:48:00',0,15),(1717,'2025-06-02 20:48:00',0,16),(1718,'2025-06-02 20:48:00',0,17),(1719,'2025-06-02 20:48:00',0,18),(1720,'2025-06-02 20:48:04',0,13),(1721,'2025-06-02 20:48:04',0.0156255,14),(1722,'2025-06-02 20:48:04',0,15),(1723,'2025-06-02 20:48:04',0,16),(1724,'2025-06-02 20:48:04',0,17),(1725,'2025-06-02 20:48:04',0,18),(1726,'2025-06-02 20:48:08',0,13),(1727,'2025-06-02 20:48:08',0.0156255,14),(1728,'2025-06-02 20:48:08',0,15),(1729,'2025-06-02 20:48:08',0,16),(1730,'2025-06-02 20:48:08',0,17),(1731,'2025-06-02 20:48:08',0,18),(1732,'2025-06-02 20:48:12',0,13),(1733,'2025-06-02 20:48:12',0.0156255,14),(1734,'2025-06-02 20:48:12',0,15),(1735,'2025-06-02 20:48:12',0,16),(1736,'2025-06-02 20:48:12',0,17),(1737,'2025-06-02 20:48:12',0,18),(1738,'2025-06-02 20:48:16',0,13),(1739,'2025-06-02 20:48:16',0.0156255,14),(1740,'2025-06-02 20:48:16',0,15),(1741,'2025-06-02 20:48:16',0,16),(1742,'2025-06-02 20:48:16',0,17),(1743,'2025-06-02 20:48:16',0,18),(1744,'2025-06-02 20:48:20',0,13),(1745,'2025-06-02 20:48:20',0.0156255,14),(1746,'2025-06-02 20:48:20',0,15),(1747,'2025-06-02 20:48:20',0,16),(1748,'2025-06-02 20:48:20',0,17),(1749,'2025-06-02 20:48:20',0,18),(1750,'2025-06-02 20:48:24',0,13),(1751,'2025-06-02 20:48:24',0.0156255,14),(1752,'2025-06-02 20:48:24',0,15),(1753,'2025-06-02 20:48:24',0,16),(1754,'2025-06-02 20:48:24',0,17),(1755,'2025-06-02 20:48:24',0,18),(1756,'2025-06-02 20:48:28',0,13),(1757,'2025-06-02 20:48:28',0.0156255,14),(1758,'2025-06-02 20:48:28',0,15),(1759,'2025-06-02 20:48:28',0,16),(1760,'2025-06-02 20:48:28',0,17),(1761,'2025-06-02 20:48:28',0,18),(1762,'2025-06-02 20:48:31',0,13),(1763,'2025-06-02 20:48:31',0.0156255,14),(1764,'2025-06-02 20:48:31',0,15),(1765,'2025-06-02 20:48:31',0,16),(1766,'2025-06-02 20:48:31',0,17),(1767,'2025-06-02 20:48:31',0,18),(1768,'2025-06-02 20:48:35',0,13),(1769,'2025-06-02 20:48:35',0.0156255,14),(1770,'2025-06-02 20:48:35',0,15),(1771,'2025-06-02 20:48:35',0,16),(1772,'2025-06-02 20:48:35',0,17),(1773,'2025-06-02 20:48:35',0,18),(1774,'2025-06-02 20:48:39',0,13),(1775,'2025-06-02 20:48:39',0.0156255,14),(1776,'2025-06-02 20:48:39',0,15),(1777,'2025-06-02 20:48:39',0,16),(1778,'2025-06-02 20:48:39',0,17),(1779,'2025-06-02 20:48:39',0,18),(1780,'2025-06-02 20:48:43',0,13),(1781,'2025-06-02 20:48:43',0.0156255,14),(1782,'2025-06-02 20:48:43',0,15),(1783,'2025-06-02 20:48:43',0,16),(1784,'2025-06-02 20:48:43',0,17),(1785,'2025-06-02 20:48:43',0,18),(1786,'2025-06-02 20:48:47',0,13),(1787,'2025-06-02 20:48:47',0,14),(1788,'2025-06-02 20:48:47',0,15),(1789,'2025-06-02 20:48:47',0,16),(1790,'2025-06-02 20:48:47',0,17),(1791,'2025-06-02 20:48:47',0,18),(1792,'2025-06-02 20:48:51',0,13),(1793,'2025-06-02 20:48:51',0.0156255,14),(1794,'2025-06-02 20:48:51',0,15),(1795,'2025-06-02 20:48:51',0,16),(1796,'2025-06-02 20:48:51',0,17),(1797,'2025-06-02 20:48:51',0,18),(1798,'2025-06-02 20:48:55',0,13),(1799,'2025-06-02 20:48:55',0.0136723,14),(1800,'2025-06-02 20:48:55',0,15),(1801,'2025-06-02 20:48:55',0,16),(1802,'2025-06-02 20:48:55',0,17),(1803,'2025-06-02 20:48:55',0,18),(1804,'2025-06-02 20:48:59',0,13),(1805,'2025-06-02 20:48:59',0.0156255,14),(1806,'2025-06-02 20:48:59',0,15),(1807,'2025-06-02 20:48:59',0,16),(1808,'2025-06-02 20:48:59',0,17),(1809,'2025-06-02 20:48:59',0,18),(1810,'2025-06-02 20:49:03',0,13),(1811,'2025-06-02 20:49:03',0.0156255,14),(1812,'2025-06-02 20:49:03',0,15),(1813,'2025-06-02 20:49:03',0,16),(1814,'2025-06-02 20:49:03',0,17),(1815,'2025-06-02 20:49:03',0,18),(1816,'2025-06-02 20:49:07',0,13),(1817,'2025-06-02 20:49:07',0.0156255,14),(1818,'2025-06-02 20:49:07',0,15),(1819,'2025-06-02 20:49:07',0,16),(1820,'2025-06-02 20:49:07',0,17),(1821,'2025-06-02 20:49:07',0,18),(1822,'2025-06-02 20:49:11',0,13),(1823,'2025-06-02 20:49:11',0.0156255,14),(1824,'2025-06-02 20:49:11',0,15),(1825,'2025-06-02 20:49:11',0,16),(1826,'2025-06-02 20:49:11',0,17),(1827,'2025-06-02 20:49:11',0,18),(1828,'2025-06-02 20:49:14',0,13),(1829,'2025-06-02 20:49:14',0.0156255,14),(1830,'2025-06-02 20:49:14',0,15),(1831,'2025-06-02 20:49:14',0,16),(1832,'2025-06-02 20:49:14',0,17),(1833,'2025-06-02 20:49:14',0,18),(1834,'2025-06-02 20:49:18',0,13),(1835,'2025-06-02 20:49:18',0,14),(1836,'2025-06-02 20:49:18',0,15),(1837,'2025-06-02 20:49:18',0,16),(1838,'2025-06-02 20:49:18',0,17),(1839,'2025-06-02 20:49:18',0,18),(1840,'2025-06-02 20:49:22',0,13),(1841,'2025-06-02 20:49:22',0.0156255,14),(1842,'2025-06-02 20:49:22',0,15),(1843,'2025-06-02 20:49:22',0,16),(1844,'2025-06-02 20:49:22',0,17),(1845,'2025-06-02 20:49:22',0,18),(1846,'2025-06-02 20:49:26',0,13),(1847,'2025-06-02 20:49:26',0.0156255,14),(1848,'2025-06-02 20:49:26',0,15),(1849,'2025-06-02 20:49:26',0,16),(1850,'2025-06-02 20:49:26',0,17),(1851,'2025-06-02 20:49:26',0,18),(1852,'2025-06-02 20:49:30',0,13),(1853,'2025-06-02 20:49:30',0.0156255,14),(1854,'2025-06-02 20:49:30',0,15),(1855,'2025-06-02 20:49:30',0,16),(1856,'2025-06-02 20:49:30',0,17),(1857,'2025-06-02 20:49:30',0,18),(1858,'2025-06-02 20:49:34',0,13),(1859,'2025-06-02 20:49:34',0.0156255,14),(1860,'2025-06-02 20:49:34',0,15),(1861,'2025-06-02 20:49:34',0,16),(1862,'2025-06-02 20:49:34',0,17),(1863,'2025-06-02 20:49:34',0,18),(1864,'2025-06-02 20:49:38',0,13),(1865,'2025-06-02 20:49:38',0.0156255,14),(1866,'2025-06-02 20:49:38',0,15),(1867,'2025-06-02 20:49:38',0,16),(1868,'2025-06-02 20:49:38',0,17),(1869,'2025-06-02 20:49:38',0,18),(1870,'2025-06-02 20:49:42',0,13),(1871,'2025-06-02 20:49:42',0.0156255,14),(1872,'2025-06-02 20:49:42',0,15),(1873,'2025-06-02 20:49:42',0,16),(1874,'2025-06-02 20:49:42',0,17),(1875,'2025-06-02 20:49:42',0,18),(1876,'2025-06-02 20:49:46',0,13),(1877,'2025-06-02 20:49:46',0,14),(1878,'2025-06-02 20:49:46',0,15),(1879,'2025-06-02 20:49:46',0,16),(1880,'2025-06-02 20:49:46',0,17),(1881,'2025-06-02 20:49:46',0,18),(1882,'2025-06-02 20:49:50',0,13),(1883,'2025-06-02 20:49:50',0,14),(1884,'2025-06-02 20:49:50',0,15),(1885,'2025-06-02 20:49:50',0,16),(1886,'2025-06-02 20:49:50',0,17),(1887,'2025-06-02 20:49:50',0,18),(1888,'2025-06-02 20:49:54',0,13),(1889,'2025-06-02 20:49:54',0,14),(1890,'2025-06-02 20:49:54',0,15),(1891,'2025-06-02 20:49:54',0,16),(1892,'2025-06-02 20:49:54',0,17),(1893,'2025-06-02 20:49:54',0,18),(1894,'2025-06-02 20:49:57',0,13),(1895,'2025-06-02 20:49:57',0.0156255,14),(1896,'2025-06-02 20:49:57',0,15),(1897,'2025-06-02 20:49:57',0,16),(1898,'2025-06-02 20:49:57',0,17),(1899,'2025-06-02 20:49:58',0,18),(1900,'2025-06-02 20:50:01',0,13),(1901,'2025-06-02 20:50:01',0.0156255,14),(1902,'2025-06-02 20:50:01',0,15),(1903,'2025-06-02 20:50:01',0,16),(1904,'2025-06-02 20:50:01',0,17),(1905,'2025-06-02 20:50:01',0,18),(1906,'2025-06-02 20:50:05',0,13),(1907,'2025-06-02 20:50:05',0.0156255,14),(1908,'2025-06-02 20:50:05',0,15),(1909,'2025-06-02 20:50:05',0,16),(1910,'2025-06-02 20:50:05',0,17),(1911,'2025-06-02 20:50:05',0,18),(1912,'2025-06-02 20:50:09',0,13),(1913,'2025-06-02 20:50:09',0.0156255,14),(1914,'2025-06-02 20:50:09',0,15),(1915,'2025-06-02 20:50:09',0,16),(1916,'2025-06-02 20:50:09',0,17),(1917,'2025-06-02 20:50:09',0,18),(1918,'2025-06-02 20:50:13',0,13),(1919,'2025-06-02 20:50:13',0.0156255,14),(1920,'2025-06-02 20:50:13',0,15),(1921,'2025-06-02 20:50:13',0,16),(1922,'2025-06-02 20:50:13',0,17),(1923,'2025-06-02 20:50:13',0,18),(1924,'2025-06-02 20:50:17',0,13),(1925,'2025-06-02 20:50:17',0.0156255,14),(1926,'2025-06-02 20:50:17',0,15),(1927,'2025-06-02 20:50:17',0,16),(1928,'2025-06-02 20:50:17',0,17),(1929,'2025-06-02 20:50:17',0,18),(1930,'2025-06-02 20:50:21',0,13),(1931,'2025-06-02 20:50:21',0.0156255,14),(1932,'2025-06-02 20:50:21',0,15),(1933,'2025-06-02 20:50:21',0,16),(1934,'2025-06-02 20:50:21',0,17),(1935,'2025-06-02 20:50:21',0,18),(1936,'2025-06-02 20:50:25',0,13),(1937,'2025-06-02 20:50:25',0.0156255,14),(1938,'2025-06-02 20:50:25',0,15),(1939,'2025-06-02 20:50:25',0,16),(1940,'2025-06-02 20:50:25',0,17),(1941,'2025-06-02 20:50:25',0,18),(1942,'2025-06-02 20:50:29',0,13),(1943,'2025-06-02 20:50:29',0.0156255,14),(1944,'2025-06-02 20:50:29',0,15),(1945,'2025-06-02 20:50:29',0,16),(1946,'2025-06-02 20:50:29',0,17),(1947,'2025-06-02 20:50:29',0,18),(1948,'2025-06-02 20:50:33',0,13),(1949,'2025-06-02 20:50:33',0.0156255,14),(1950,'2025-06-02 20:50:33',0,15),(1951,'2025-06-02 20:50:33',0,16),(1952,'2025-06-02 20:50:33',0,17),(1953,'2025-06-02 20:50:33',0,18),(1954,'2025-06-02 20:50:34',0,5),(1955,'2025-06-02 20:50:34',0,12),(1956,'2025-06-02 20:50:34',100,4),(1957,'2025-06-02 20:50:34',1,7),(1958,'2025-06-02 20:50:42',0,13),(1959,'2025-06-02 20:50:42',0.0156255,14),(1960,'2025-06-02 20:50:42',0,15),(1961,'2025-06-02 20:50:42',0,16),(1962,'2025-06-02 20:50:42',0,17),(1963,'2025-06-02 20:50:42',0,18),(1964,'2025-06-02 20:50:45',0,13),(1965,'2025-06-02 20:50:45',0.0156255,14),(1966,'2025-06-02 20:50:45',0,15),(1967,'2025-06-02 20:50:45',0,16),(1968,'2025-06-02 20:50:45',0,17),(1969,'2025-06-02 20:50:45',0,18),(1970,'2025-06-02 20:50:49',0,13),(1971,'2025-06-02 20:50:49',0.0156255,14),(1972,'2025-06-02 20:50:49',0,15),(1973,'2025-06-02 20:50:49',0,16),(1974,'2025-06-02 20:50:49',0,17),(1975,'2025-06-02 20:50:49',0,18),(1976,'2025-06-02 20:50:53',0,13),(1977,'2025-06-02 20:50:53',0.0156255,14),(1978,'2025-06-02 20:50:53',0,15),(1979,'2025-06-02 20:50:53',0,16),(1980,'2025-06-02 20:50:53',0,17),(1981,'2025-06-02 20:50:53',0,18),(1982,'2025-06-02 20:50:57',0,13),(1983,'2025-06-02 20:50:57',0.0156255,14),(1984,'2025-06-02 20:50:57',0,15),(1985,'2025-06-02 20:50:57',0,16),(1986,'2025-06-02 20:50:57',0,17),(1987,'2025-06-02 20:50:57',0,18),(1988,'2025-06-02 20:51:01',0,13),(1989,'2025-06-02 20:51:01',0.0156255,14),(1990,'2025-06-02 20:51:01',0,15),(1991,'2025-06-02 20:51:01',0,16),(1992,'2025-06-02 20:51:01',0,17),(1993,'2025-06-02 20:51:01',0,18),(1994,'2025-06-02 20:51:05',0,13),(1995,'2025-06-02 20:51:05',0.0156255,14),(1996,'2025-06-02 20:51:05',0,15),(1997,'2025-06-02 20:51:05',0,16),(1998,'2025-06-02 20:51:05',0,17),(1999,'2025-06-02 20:51:05',0,18),(2000,'2025-06-02 20:51:09',0,13),(2001,'2025-06-02 20:51:09',0.0156255,14),(2002,'2025-06-02 20:51:09',0,15),(2003,'2025-06-02 20:51:09',0,16),(2004,'2025-06-02 20:51:09',0,17),(2005,'2025-06-02 20:51:09',0,18),(2006,'2025-06-02 20:51:13',0,13),(2007,'2025-06-02 20:51:13',0.0156255,14),(2008,'2025-06-02 20:51:13',0,15),(2009,'2025-06-02 20:51:13',0,16),(2010,'2025-06-02 20:51:13',0,17),(2011,'2025-06-02 20:51:13',0,18),(2012,'2025-06-02 20:51:17',0,5),(2013,'2025-06-02 20:51:17',0,12),(2014,'2025-06-02 20:51:17',100,4),(2015,'2025-06-02 20:51:17',1,7),(2016,'2025-06-02 20:51:24',0,13),(2017,'2025-06-02 20:51:24',0.0156255,14),(2018,'2025-06-02 20:51:24',0,15),(2019,'2025-06-02 20:51:24',0,16),(2020,'2025-06-02 20:51:24',0,17),(2021,'2025-06-02 20:51:24',0,18),(2022,'2025-06-02 20:51:28',0,13),(2023,'2025-06-02 20:51:28',0.0156255,14),(2024,'2025-06-02 20:51:28',0,15),(2025,'2025-06-02 20:51:28',0,16),(2026,'2025-06-02 20:51:28',0,17),(2027,'2025-06-02 20:51:28',0,18),(2028,'2025-06-02 20:51:32',0,13),(2029,'2025-06-02 20:51:32',0.0156255,14),(2030,'2025-06-02 20:51:32',0,15),(2031,'2025-06-02 20:51:32',0,16),(2032,'2025-06-02 20:51:32',0,17),(2033,'2025-06-02 20:51:32',0,18),(2034,'2025-06-02 20:51:36',0,13),(2035,'2025-06-02 20:51:36',0.0156255,14),(2036,'2025-06-02 20:51:36',0,15),(2037,'2025-06-02 20:51:36',0,16),(2038,'2025-06-02 20:51:36',0,17),(2039,'2025-06-02 20:51:36',0,18),(2040,'2025-06-02 20:51:40',0,13),(2041,'2025-06-02 20:51:40',0.0156255,14),(2042,'2025-06-02 20:51:40',0,15),(2043,'2025-06-02 20:51:40',0,16),(2044,'2025-06-02 20:51:40',0,17),(2045,'2025-06-02 20:51:40',0,18),(2046,'2025-06-02 20:51:44',0,13),(2047,'2025-06-02 20:51:44',0.0156255,14),(2048,'2025-06-02 20:51:44',0,15),(2049,'2025-06-02 20:51:44',0,16),(2050,'2025-06-02 20:51:44',0,17),(2051,'2025-06-02 20:51:44',0,18),(2052,'2025-06-02 20:51:47',0,13),(2053,'2025-06-02 20:51:47',0.0156255,14),(2054,'2025-06-02 20:51:47',0,15),(2055,'2025-06-02 20:51:47',0,16),(2056,'2025-06-02 20:51:47',0,17),(2057,'2025-06-02 20:51:47',0,18),(2058,'2025-06-02 20:51:51',0,13),(2059,'2025-06-02 20:51:51',0.0156255,14),(2060,'2025-06-02 20:51:51',0,15),(2061,'2025-06-02 20:51:51',0,16),(2062,'2025-06-02 20:51:51',0,17),(2063,'2025-06-02 20:51:51',0,18),(2064,'2025-06-02 20:51:55',0,13),(2065,'2025-06-02 20:51:55',0.0156255,14),(2066,'2025-06-02 20:51:55',0,15),(2067,'2025-06-02 20:51:55',0,16),(2068,'2025-06-02 20:51:55',0,17),(2069,'2025-06-02 20:51:55',0,18),(2070,'2025-06-02 20:51:59',0,13),(2071,'2025-06-02 20:51:59',0.0156255,14),(2072,'2025-06-02 20:51:59',0,15),(2073,'2025-06-02 20:51:59',0,16),(2074,'2025-06-02 20:51:59',0,17),(2075,'2025-06-02 20:51:59',0,18),(2076,'2025-06-02 20:52:03',0,13),(2077,'2025-06-02 20:52:03',0.0156255,14),(2078,'2025-06-02 20:52:03',0,15),(2079,'2025-06-02 20:52:03',0,16),(2080,'2025-06-02 20:52:03',0,17),(2081,'2025-06-02 20:52:03',0,18),(2082,'2025-06-02 20:52:07',0,13),(2083,'2025-06-02 20:52:07',0.0156255,14),(2084,'2025-06-02 20:52:07',0,15),(2085,'2025-06-02 20:52:07',0,16),(2086,'2025-06-02 20:52:07',0,17),(2087,'2025-06-02 20:52:07',0,18),(2088,'2025-06-02 20:52:11',0,13),(2089,'2025-06-02 20:52:11',0.0156255,14),(2090,'2025-06-02 20:52:11',0,15),(2091,'2025-06-02 20:52:11',0,16),(2092,'2025-06-02 20:52:11',0,17),(2093,'2025-06-02 20:52:11',0,18),(2094,'2025-06-02 20:52:15',0,13),(2095,'2025-06-02 20:52:15',0.0156255,14),(2096,'2025-06-02 20:52:15',0,15),(2097,'2025-06-02 20:52:15',0,16),(2098,'2025-06-02 20:52:15',0,17),(2099,'2025-06-02 20:52:15',0,18),(2100,'2025-06-02 20:52:19',0,13),(2101,'2025-06-02 20:52:19',0.0156255,14),(2102,'2025-06-02 20:52:19',0,15),(2103,'2025-06-02 20:52:19',0,16),(2104,'2025-06-02 20:52:19',0,17),(2105,'2025-06-02 20:52:19',0,18),(2106,'2025-06-02 20:52:23',0,13),(2107,'2025-06-02 20:52:23',0.0156255,14),(2108,'2025-06-02 20:52:23',0,15),(2109,'2025-06-02 20:52:23',0,16),(2110,'2025-06-02 20:52:23',0,17),(2111,'2025-06-02 20:52:23',0,18),(2112,'2025-06-02 20:52:24',0,5),(2113,'2025-06-02 20:52:24',0,12),(2114,'2025-06-02 20:52:24',100,4),(2115,'2025-06-02 20:52:24',1,7),(2116,'2025-06-02 20:52:31',0,13),(2117,'2025-06-02 20:52:31',0.0156255,14),(2118,'2025-06-02 20:52:31',0,15),(2119,'2025-06-02 20:52:31',0,16),(2120,'2025-06-02 20:52:31',0,17),(2121,'2025-06-02 20:52:31',0,18),(2122,'2025-06-02 20:52:35',0,13),(2123,'2025-06-02 20:52:35',0.0156255,14),(2124,'2025-06-02 20:52:35',0,15),(2125,'2025-06-02 20:52:35',0,16),(2126,'2025-06-02 20:52:35',0,17),(2127,'2025-06-02 20:52:35',0,18),(2128,'2025-06-02 20:52:39',0,13),(2129,'2025-06-02 20:52:39',0.0156255,14),(2130,'2025-06-02 20:52:39',0,15),(2131,'2025-06-02 20:52:39',0,16),(2132,'2025-06-02 20:52:39',0,17),(2133,'2025-06-02 20:52:39',0,18),(2134,'2025-06-02 20:52:43',0,13),(2135,'2025-06-02 20:52:43',0.0156255,14),(2136,'2025-06-02 20:52:43',0,15),(2137,'2025-06-02 20:52:43',0,16),(2138,'2025-06-02 20:52:43',0,17),(2139,'2025-06-02 20:52:43',0,18),(2140,'2025-06-02 20:52:47',0,13),(2141,'2025-06-02 20:52:47',0.0156255,14),(2142,'2025-06-02 20:52:47',0,15),(2143,'2025-06-02 20:52:47',0,16),(2144,'2025-06-02 20:52:47',0,17),(2145,'2025-06-02 20:52:47',0,18),(2146,'2025-06-02 20:52:51',0,13),(2147,'2025-06-02 20:52:51',0.0156255,14),(2148,'2025-06-02 20:52:51',0,15),(2149,'2025-06-02 20:52:51',0,16),(2150,'2025-06-02 20:52:51',0,17),(2151,'2025-06-02 20:52:51',0,18),(2152,'2025-06-02 20:52:55',0,13),(2153,'2025-06-02 20:52:55',0.0156255,14),(2154,'2025-06-02 20:52:55',0,15),(2155,'2025-06-02 20:52:55',0,16),(2156,'2025-06-02 20:52:55',0,17),(2157,'2025-06-02 20:52:55',0,18),(2158,'2025-06-02 20:52:59',0,13),(2159,'2025-06-02 20:52:59',0.0156255,14),(2160,'2025-06-02 20:52:59',0,15),(2161,'2025-06-02 20:52:59',0,16),(2162,'2025-06-02 20:52:59',0,17),(2163,'2025-06-02 20:52:59',0,18),(2164,'2025-06-02 20:53:00',0,5),(2165,'2025-06-02 20:53:00',0,12),(2166,'2025-06-02 20:53:00',0,4),(2167,'2025-06-02 20:53:03',100,4),(2168,'2025-06-02 20:53:03',1,7),(2169,'2025-06-02 20:53:07',0,13),(2170,'2025-06-02 20:53:07',0.0156255,14),(2171,'2025-06-02 20:53:07',0,15),(2172,'2025-06-02 20:53:07',0,16),(2173,'2025-06-02 20:53:07',0,17),(2174,'2025-06-02 20:53:07',0,18),(2175,'2025-06-02 20:53:09',0,4),(2176,'2025-06-02 20:53:09',100,4),(2177,'2025-06-02 20:53:09',1,7),(2178,'2025-06-02 20:53:11',0,13),(2179,'2025-06-02 20:53:11',0.0156255,14),(2180,'2025-06-02 20:53:11',0,15),(2181,'2025-06-02 20:53:11',0,16),(2182,'2025-06-02 20:53:11',0,17),(2183,'2025-06-02 20:53:11',0,18),(2184,'2025-06-02 20:53:15',0,13),(2185,'2025-06-02 20:53:15',0.0156255,14),(2186,'2025-06-02 20:53:15',0,15),(2187,'2025-06-02 20:53:15',0,16),(2188,'2025-06-02 20:53:15',0,17),(2189,'2025-06-02 20:53:15',0,18),(2190,'2025-06-02 20:53:15',0,4),(2191,'2025-06-02 20:53:19',0,13),(2192,'2025-06-02 20:53:19',0,14),(2193,'2025-06-02 20:53:19',0,15),(2194,'2025-06-02 20:53:19',0,16),(2195,'2025-06-02 20:53:19',0,17),(2196,'2025-06-02 20:53:19',0,18),(2197,'2025-06-02 20:53:23',0,13),(2198,'2025-06-02 20:53:23',0,14),(2199,'2025-06-02 20:53:23',0,15),(2200,'2025-06-02 20:53:23',0,16),(2201,'2025-06-02 20:53:23',0,17),(2202,'2025-06-02 20:53:23',0,18),(2203,'2025-06-02 20:53:27',0,13),(2204,'2025-06-02 20:53:27',0,14),(2205,'2025-06-02 20:53:27',0,15),(2206,'2025-06-02 20:53:27',0,16),(2207,'2025-06-02 20:53:27',0,17),(2208,'2025-06-02 20:53:27',0,18),(2209,'2025-06-02 20:53:30',0,13),(2210,'2025-06-02 20:53:30',0,14),(2211,'2025-06-02 20:53:30',0,15),(2212,'2025-06-02 20:53:30',0,16),(2213,'2025-06-02 20:53:30',0,17),(2214,'2025-06-02 20:53:30',0,18),(2215,'2025-06-02 20:53:34',0,13),(2216,'2025-06-02 20:53:34',0,14),(2217,'2025-06-02 20:53:34',0,15),(2218,'2025-06-02 20:53:34',0,16),(2219,'2025-06-02 20:53:34',0,17),(2220,'2025-06-02 20:53:34',0,18),(2221,'2025-06-02 20:53:38',0,13),(2222,'2025-06-02 20:53:38',0,14),(2223,'2025-06-02 20:53:38',0,15),(2224,'2025-06-02 20:53:38',0,16),(2225,'2025-06-02 20:53:38',0,17),(2226,'2025-06-02 20:53:38',0,18),(2227,'2025-06-02 20:53:42',0,13),(2228,'2025-06-02 20:53:42',0,14),(2229,'2025-06-02 20:53:42',0,15),(2230,'2025-06-02 20:53:42',0,16),(2231,'2025-06-02 20:53:42',0,17),(2232,'2025-06-02 20:53:42',0,18),(2233,'2025-06-02 20:53:46',0,13),(2234,'2025-06-02 20:53:46',0,14),(2235,'2025-06-02 20:53:46',0,15),(2236,'2025-06-02 20:53:46',0,16),(2237,'2025-06-02 20:53:46',0,17),(2238,'2025-06-02 20:53:46',0,18),(2239,'2025-06-02 20:53:50',0,13),(2240,'2025-06-02 20:53:50',0,14),(2241,'2025-06-02 20:53:50',0,15),(2242,'2025-06-02 20:53:50',0,16),(2243,'2025-06-02 20:53:50',0,17),(2244,'2025-06-02 20:53:50',0,18),(2245,'2025-06-02 20:53:54',0,13),(2246,'2025-06-02 20:53:54',0,14),(2247,'2025-06-02 20:53:54',0,15),(2248,'2025-06-02 20:53:54',0,16),(2249,'2025-06-02 20:53:54',0,17),(2250,'2025-06-02 20:53:54',0,18),(2251,'2025-06-02 20:53:58',0,13),(2252,'2025-06-02 20:53:58',0,14),(2253,'2025-06-02 20:53:58',0,15),(2254,'2025-06-02 20:53:58',0,16),(2255,'2025-06-02 20:53:58',0,17),(2256,'2025-06-02 20:53:58',0,18),(2257,'2025-06-02 20:54:02',0,13),(2258,'2025-06-02 20:54:02',0,14),(2259,'2025-06-02 20:54:02',0,15),(2260,'2025-06-02 20:54:02',0,16),(2261,'2025-06-02 20:54:02',0,17),(2262,'2025-06-02 20:54:02',0,18),(2263,'2025-06-02 20:54:06',0,13),(2264,'2025-06-02 20:54:06',0,14),(2265,'2025-06-02 20:54:06',0,15),(2266,'2025-06-02 20:54:06',0,16),(2267,'2025-06-02 20:54:06',0,17),(2268,'2025-06-02 20:54:06',0,18),(2269,'2025-06-02 20:54:09',0,13),(2270,'2025-06-02 20:54:09',0,14),(2271,'2025-06-02 20:54:09',0,15),(2272,'2025-06-02 20:54:09',0,16),(2273,'2025-06-02 20:54:09',0,17),(2274,'2025-06-02 20:54:09',0,18),(2275,'2025-06-02 20:54:13',0,13),(2276,'2025-06-02 20:54:13',0,14),(2277,'2025-06-02 20:54:13',0,15),(2278,'2025-06-02 20:54:13',0,16),(2279,'2025-06-02 20:54:13',0,17),(2280,'2025-06-02 20:54:13',0,18),(2281,'2025-06-02 20:54:17',0,13),(2282,'2025-06-02 20:54:17',0,14),(2283,'2025-06-02 20:54:17',0,15),(2284,'2025-06-02 20:54:17',0,16),(2285,'2025-06-02 20:54:17',0,17),(2286,'2025-06-02 20:54:17',0,18),(2287,'2025-06-02 20:54:21',0,13),(2288,'2025-06-02 20:54:21',0,14),(2289,'2025-06-02 20:54:21',0,15),(2290,'2025-06-02 20:54:21',0,16),(2291,'2025-06-02 20:54:21',0,17),(2292,'2025-06-02 20:54:21',0,18),(2293,'2025-06-02 20:54:25',0,13),(2294,'2025-06-02 20:54:25',0,14),(2295,'2025-06-02 20:54:25',0,15),(2296,'2025-06-02 20:54:25',0,16),(2297,'2025-06-02 20:54:25',0,17),(2298,'2025-06-02 20:54:25',0,18),(2299,'2025-06-02 20:54:29',0,13),(2300,'2025-06-02 20:54:29',0,14),(2301,'2025-06-02 20:54:29',0,15),(2302,'2025-06-02 20:54:29',0,16),(2303,'2025-06-02 20:54:29',0,17),(2304,'2025-06-02 20:54:29',0,18),(2305,'2025-06-02 20:54:33',0,13),(2306,'2025-06-02 20:54:33',0,14),(2307,'2025-06-02 20:54:33',0,15),(2308,'2025-06-02 20:54:33',0,16),(2309,'2025-06-02 20:54:33',0,17),(2310,'2025-06-02 20:54:33',0,18),(2311,'2025-06-02 20:54:37',0,13),(2312,'2025-06-02 20:54:37',0,14),(2313,'2025-06-02 20:54:37',0,15),(2314,'2025-06-02 20:54:37',0,16),(2315,'2025-06-02 20:54:37',0,17),(2316,'2025-06-02 20:54:37',0,18),(2317,'2025-06-02 20:54:41',0,13),(2318,'2025-06-02 20:54:41',0,14),(2319,'2025-06-02 20:54:41',0,15),(2320,'2025-06-02 20:54:41',0,16),(2321,'2025-06-02 20:54:41',0,17),(2322,'2025-06-02 20:54:41',0,18),(2323,'2025-06-02 20:54:45',0,13),(2324,'2025-06-02 20:54:45',0,14),(2325,'2025-06-02 20:54:45',0,15),(2326,'2025-06-02 20:54:45',0,16),(2327,'2025-06-02 20:54:45',0,17),(2328,'2025-06-02 20:54:45',0,18),(2329,'2025-06-02 20:54:48',0,13),(2330,'2025-06-02 20:54:48',0,14),(2331,'2025-06-02 20:54:48',0,15),(2332,'2025-06-02 20:54:48',0,16),(2333,'2025-06-02 20:54:48',0,17),(2334,'2025-06-02 20:54:48',0,18),(2335,'2025-06-02 20:54:52',0,13),(2336,'2025-06-02 20:54:52',0,14),(2337,'2025-06-02 20:54:52',0,15),(2338,'2025-06-02 20:54:52',0,16),(2339,'2025-06-02 20:54:52',0,17),(2340,'2025-06-02 20:54:52',0,18),(2341,'2025-06-02 20:54:56',0,13),(2342,'2025-06-02 20:54:56',0,14),(2343,'2025-06-02 20:54:56',0,15),(2344,'2025-06-02 20:54:56',0,16),(2345,'2025-06-02 20:54:56',0,17),(2346,'2025-06-02 20:54:56',0,18),(2347,'2025-06-02 20:55:00',0,13),(2348,'2025-06-02 20:55:00',0,14),(2349,'2025-06-02 20:55:00',0,15),(2350,'2025-06-02 20:55:00',0,16),(2351,'2025-06-02 20:55:00',0,17),(2352,'2025-06-02 20:55:00',0,18),(2353,'2025-06-02 20:55:04',0,13),(2354,'2025-06-02 20:55:04',0,14),(2355,'2025-06-02 20:55:04',0,15),(2356,'2025-06-02 20:55:04',0,16),(2357,'2025-06-02 20:55:04',0,17),(2358,'2025-06-02 20:55:04',0,18),(2359,'2025-06-02 20:55:08',0,13),(2360,'2025-06-02 20:55:08',0,14),(2361,'2025-06-02 20:55:08',0,15),(2362,'2025-06-02 20:55:08',0,16),(2363,'2025-06-02 20:55:08',0,17),(2364,'2025-06-02 20:55:08',0,18),(2365,'2025-06-02 20:55:12',0,13),(2366,'2025-06-02 20:55:12',0,14),(2367,'2025-06-02 20:55:12',0,15),(2368,'2025-06-02 20:55:12',0,16),(2369,'2025-06-02 20:55:12',0,17),(2370,'2025-06-02 20:55:12',0,18),(2371,'2025-06-02 20:55:16',0,13),(2372,'2025-06-02 20:55:16',0,14),(2373,'2025-06-02 20:55:16',0,15),(2374,'2025-06-02 20:55:16',0,16),(2375,'2025-06-02 20:55:16',0,17),(2376,'2025-06-02 20:55:16',0,18),(2377,'2025-06-02 20:55:20',0,13),(2378,'2025-06-02 20:55:20',0,14),(2379,'2025-06-02 20:55:20',0,15),(2380,'2025-06-02 20:55:20',0,16),(2381,'2025-06-02 20:55:20',0,17),(2382,'2025-06-02 20:55:20',0,18),(2383,'2025-06-02 20:55:24',0,13),(2384,'2025-06-02 20:55:24',0,14),(2385,'2025-06-02 20:55:24',0,15),(2386,'2025-06-02 20:55:24',0,16),(2387,'2025-06-02 20:55:24',0,17),(2388,'2025-06-02 20:55:24',0,18),(2389,'2025-06-02 20:55:27',0,13),(2390,'2025-06-02 20:55:27',0,14),(2391,'2025-06-02 20:55:27',0,15),(2392,'2025-06-02 20:55:27',0,16),(2393,'2025-06-02 20:55:27',0,17),(2394,'2025-06-02 20:55:27',0,18),(2395,'2025-06-02 20:55:31',0,13),(2396,'2025-06-02 20:55:31',0,14),(2397,'2025-06-02 20:55:31',0,15),(2398,'2025-06-02 20:55:31',0,16),(2399,'2025-06-02 20:55:31',0,17),(2400,'2025-06-02 20:55:31',0,18),(2401,'2025-06-02 20:55:35',0,13),(2402,'2025-06-02 20:55:35',0,14),(2403,'2025-06-02 20:55:35',0,15),(2404,'2025-06-02 20:55:35',0,16),(2405,'2025-06-02 20:55:35',0,17),(2406,'2025-06-02 20:55:35',0,18),(2407,'2025-06-02 20:55:39',0,13),(2408,'2025-06-02 20:55:39',0,14),(2409,'2025-06-02 20:55:39',0,15),(2410,'2025-06-02 20:55:39',0,16),(2411,'2025-06-02 20:55:39',0,17),(2412,'2025-06-02 20:55:39',0,18),(2413,'2025-06-02 20:55:43',0,13),(2414,'2025-06-02 20:55:43',0,14),(2415,'2025-06-02 20:55:43',0,15),(2416,'2025-06-02 20:55:43',0,16),(2417,'2025-06-02 20:55:43',0,17),(2418,'2025-06-02 20:55:43',0,18),(2419,'2025-06-02 20:55:47',0,13),(2420,'2025-06-02 20:55:47',0,14),(2421,'2025-06-02 20:55:47',0,15),(2422,'2025-06-02 20:55:47',0,16),(2423,'2025-06-02 20:55:47',0,17),(2424,'2025-06-02 20:55:47',0,18),(2425,'2025-06-02 20:55:51',0,13),(2426,'2025-06-02 20:55:51',0,14),(2427,'2025-06-02 20:55:51',0,15),(2428,'2025-06-02 20:55:51',0,16),(2429,'2025-06-02 20:55:51',0,17),(2430,'2025-06-02 20:55:51',0,18),(2431,'2025-06-02 20:55:55',0,13),(2432,'2025-06-02 20:55:55',0,14),(2433,'2025-06-02 20:55:55',0,15),(2434,'2025-06-02 20:55:55',0,16),(2435,'2025-06-02 20:55:55',0,17),(2436,'2025-06-02 20:55:55',0,18),(2437,'2025-06-02 20:55:59',0,13),(2438,'2025-06-02 20:55:59',0,14),(2439,'2025-06-02 20:55:59',0,15),(2440,'2025-06-02 20:55:59',0,16),(2441,'2025-06-02 20:55:59',0,17),(2442,'2025-06-02 20:55:59',0,18),(2443,'2025-06-02 20:56:03',0,13),(2444,'2025-06-02 20:56:03',0,14),(2445,'2025-06-02 20:56:03',0,15),(2446,'2025-06-02 20:56:03',0,16),(2447,'2025-06-02 20:56:03',0,17),(2448,'2025-06-02 20:56:03',0,18),(2449,'2025-06-02 20:56:06',0,13),(2450,'2025-06-02 20:56:06',0,14),(2451,'2025-06-02 20:56:06',0,15),(2452,'2025-06-02 20:56:06',0,16),(2453,'2025-06-02 20:56:06',0,17),(2454,'2025-06-02 20:56:06',0,18),(2455,'2025-06-02 20:56:10',0,13),(2456,'2025-06-02 20:56:10',0,14),(2457,'2025-06-02 20:56:10',0,15),(2458,'2025-06-02 20:56:10',0,16),(2459,'2025-06-02 20:56:10',0,17),(2460,'2025-06-02 20:56:10',0,18),(2461,'2025-06-02 20:56:14',0,13),(2462,'2025-06-02 20:56:14',0,14),(2463,'2025-06-02 20:56:14',0,15),(2464,'2025-06-02 20:56:14',0,16),(2465,'2025-06-02 20:56:14',0,17),(2466,'2025-06-02 20:56:14',0,18),(2467,'2025-06-02 20:56:18',0,13),(2468,'2025-06-02 20:56:18',0,14),(2469,'2025-06-02 20:56:18',0,15),(2470,'2025-06-02 20:56:18',0,16),(2471,'2025-06-02 20:56:18',0,17),(2472,'2025-06-02 20:56:18',0,18),(2473,'2025-06-02 20:56:22',0,13),(2474,'2025-06-02 20:56:22',0,14),(2475,'2025-06-02 20:56:22',0,15),(2476,'2025-06-02 20:56:22',0,16),(2477,'2025-06-02 20:56:22',0,17),(2478,'2025-06-02 20:56:22',0,18),(2479,'2025-06-02 20:56:26',0,13),(2480,'2025-06-02 20:56:26',0,14),(2481,'2025-06-02 20:56:26',0,15),(2482,'2025-06-02 20:56:26',0,16),(2483,'2025-06-02 20:56:26',0,17),(2484,'2025-06-02 20:56:26',0,18),(2485,'2025-06-02 20:56:30',0,13),(2486,'2025-06-02 20:56:30',0,14),(2487,'2025-06-02 20:56:30',0,15),(2488,'2025-06-02 20:56:30',0,16),(2489,'2025-06-02 20:56:30',0,17),(2490,'2025-06-02 20:56:30',0,18),(2491,'2025-06-02 20:56:34',0,13),(2492,'2025-06-02 20:56:34',0,14),(2493,'2025-06-02 20:56:34',0,15),(2494,'2025-06-02 20:56:34',0,16),(2495,'2025-06-02 20:56:34',0,17),(2496,'2025-06-02 20:56:34',0,18),(2497,'2025-06-02 20:56:38',0,13),(2498,'2025-06-02 20:56:38',0,14),(2499,'2025-06-02 20:56:38',0,15),(2500,'2025-06-02 20:56:38',0,16),(2501,'2025-06-02 20:56:38',0,17),(2502,'2025-06-02 20:56:38',0,18),(2503,'2025-06-02 20:56:42',0,13),(2504,'2025-06-02 20:56:42',0,14),(2505,'2025-06-02 20:56:42',0,15),(2506,'2025-06-02 20:56:42',0,16),(2507,'2025-06-02 20:56:42',0,17),(2508,'2025-06-02 20:56:42',0,18),(2509,'2025-06-02 20:56:45',0,13),(2510,'2025-06-02 20:56:45',0,14),(2511,'2025-06-02 20:56:45',0,15),(2512,'2025-06-02 20:56:45',0,16),(2513,'2025-06-02 20:56:45',0,17),(2514,'2025-06-02 20:56:45',0,18),(2515,'2025-06-02 20:56:49',0,13),(2516,'2025-06-02 20:56:49',0,14),(2517,'2025-06-02 20:56:49',0,15),(2518,'2025-06-02 20:56:49',0,16),(2519,'2025-06-02 20:56:49',0,17),(2520,'2025-06-02 20:56:49',0,18),(2521,'2025-06-02 20:56:53',0,13),(2522,'2025-06-02 20:56:53',0,14),(2523,'2025-06-02 20:56:53',0,15),(2524,'2025-06-02 20:56:53',0,16),(2525,'2025-06-02 20:56:53',0,17),(2526,'2025-06-02 20:56:53',0,18),(2527,'2025-06-02 20:56:57',0,13),(2528,'2025-06-02 20:56:57',0,14),(2529,'2025-06-02 20:56:57',0,15),(2530,'2025-06-02 20:56:57',0,16),(2531,'2025-06-02 20:56:57',0,17),(2532,'2025-06-02 20:56:57',0,18),(2533,'2025-06-02 20:57:01',0,13),(2534,'2025-06-02 20:57:01',0,14),(2535,'2025-06-02 20:57:01',0,15),(2536,'2025-06-02 20:57:01',0,16),(2537,'2025-06-02 20:57:01',0,17),(2538,'2025-06-02 20:57:01',0,18),(2539,'2025-06-02 20:57:05',0,13),(2540,'2025-06-02 20:57:05',0,14),(2541,'2025-06-02 20:57:05',0,15),(2542,'2025-06-02 20:57:05',0,16),(2543,'2025-06-02 20:57:05',0,17),(2544,'2025-06-02 20:57:05',0,18),(2545,'2025-06-02 20:57:09',0,13),(2546,'2025-06-02 20:57:09',0,14),(2547,'2025-06-02 20:57:09',0,15),(2548,'2025-06-02 20:57:09',0,16),(2549,'2025-06-02 20:57:09',0,17),(2550,'2025-06-02 20:57:09',0,18),(2551,'2025-06-02 20:57:13',0,13),(2552,'2025-06-02 20:57:13',0,14),(2553,'2025-06-02 20:57:13',0,15),(2554,'2025-06-02 20:57:13',0,16),(2555,'2025-06-02 20:57:13',0,17),(2556,'2025-06-02 20:57:13',0,18),(2557,'2025-06-02 20:57:17',0,13),(2558,'2025-06-02 20:57:17',0,14),(2559,'2025-06-02 20:57:17',0,15),(2560,'2025-06-02 20:57:17',0,16),(2561,'2025-06-02 20:57:17',0,17),(2562,'2025-06-02 20:57:17',0,18),(2563,'2025-06-02 20:57:21',0,13),(2564,'2025-06-02 20:57:21',0,14),(2565,'2025-06-02 20:57:21',0,15),(2566,'2025-06-02 20:57:21',0,16),(2567,'2025-06-02 20:57:21',0,17),(2568,'2025-06-02 20:57:21',0,18),(2569,'2025-06-02 20:57:24',0,13),(2570,'2025-06-02 20:57:24',0,14),(2571,'2025-06-02 20:57:24',0,15),(2572,'2025-06-02 20:57:24',0,16),(2573,'2025-06-02 20:57:24',0,17),(2574,'2025-06-02 20:57:24',0,18),(2575,'2025-06-02 20:57:28',0,13),(2576,'2025-06-02 20:57:28',0,14),(2577,'2025-06-02 20:57:28',0,15),(2578,'2025-06-02 20:57:28',0,16),(2579,'2025-06-02 20:57:28',0,17),(2580,'2025-06-02 20:57:28',0,18),(2581,'2025-06-02 20:57:32',0,13),(2582,'2025-06-02 20:57:32',0,14),(2583,'2025-06-02 20:57:32',0,15),(2584,'2025-06-02 20:57:32',0,16),(2585,'2025-06-02 20:57:32',0,17),(2586,'2025-06-02 20:57:32',0,18),(2587,'2025-06-02 20:57:36',0,13),(2588,'2025-06-02 20:57:36',0,14),(2589,'2025-06-02 20:57:36',0,15),(2590,'2025-06-02 20:57:36',0,16),(2591,'2025-06-02 20:57:36',0,17),(2592,'2025-06-02 20:57:36',0,18),(2593,'2025-06-02 20:57:40',0,13),(2594,'2025-06-02 20:57:40',0,14),(2595,'2025-06-02 20:57:40',0,15),(2596,'2025-06-02 20:57:40',0,16),(2597,'2025-06-02 20:57:40',0,17),(2598,'2025-06-02 20:57:40',0,18),(2599,'2025-06-02 20:57:44',0,13),(2600,'2025-06-02 20:57:44',0,14),(2601,'2025-06-02 20:57:44',0,15),(2602,'2025-06-02 20:57:44',0,16),(2603,'2025-06-02 20:57:44',0,17),(2604,'2025-06-02 20:57:44',0,18),(2605,'2025-06-02 20:57:48',0,13),(2606,'2025-06-02 20:57:48',0,14),(2607,'2025-06-02 20:57:48',0,15),(2608,'2025-06-02 20:57:48',0,16),(2609,'2025-06-02 20:57:48',0,17),(2610,'2025-06-02 20:57:48',0,18),(2611,'2025-06-02 20:57:52',0,13),(2612,'2025-06-02 20:57:52',0,14),(2613,'2025-06-02 20:57:52',0,15),(2614,'2025-06-02 20:57:52',0,16),(2615,'2025-06-02 20:57:52',0,17),(2616,'2025-06-02 20:57:52',0,18),(2617,'2025-06-02 20:57:56',0,13),(2618,'2025-06-02 20:57:56',0,14),(2619,'2025-06-02 20:57:56',0,15),(2620,'2025-06-02 20:57:56',0,16),(2621,'2025-06-02 20:57:56',0,17),(2622,'2025-06-02 20:57:56',0,18),(2623,'2025-06-02 20:58:00',0,13),(2624,'2025-06-02 20:58:00',0,14),(2625,'2025-06-02 20:58:00',0,15),(2626,'2025-06-02 20:58:00',0,16),(2627,'2025-06-02 20:58:00',0,17),(2628,'2025-06-02 20:58:00',0,18),(2629,'2025-06-02 20:58:03',0,13),(2630,'2025-06-02 20:58:03',0,14),(2631,'2025-06-02 20:58:03',0,15),(2632,'2025-06-02 20:58:03',0,16),(2633,'2025-06-02 20:58:03',0,17),(2634,'2025-06-02 20:58:03',0,18),(2635,'2025-06-02 21:34:18',0,5),(2636,'2025-06-02 21:34:18',0,12),(2637,'2025-06-02 21:34:18',0,4),(2638,'2025-06-02 21:34:18',1,8),(2639,'2025-06-02 21:34:18',100,3),(2640,'2025-06-02 21:34:19',1,8),(2641,'2025-06-02 21:34:19',0,8),(2642,'2025-06-02 21:34:19',100,3),(2643,'2025-06-02 21:34:20',1,8),(2644,'2025-06-02 21:34:20',100,3),(2645,'2025-06-02 21:34:20',0,8),(2646,'2025-06-02 21:34:20',100,3),(2647,'2025-06-02 21:34:21',1,8),(2648,'2025-06-02 21:34:21',100,3),(2649,'2025-06-02 21:34:21',1,8),(2650,'2025-06-02 21:34:21',0,8),(2651,'2025-06-02 21:34:21',100,3),(2652,'2025-06-02 21:34:22',1,8),(2653,'2025-06-02 21:34:22',100,3),(2654,'2025-06-02 21:34:22',100,4),(2655,'2025-06-02 21:34:22',1,7),(2656,'2025-06-02 21:34:22',1,8),(2657,'2025-06-02 21:34:23',0,8),(2658,'2025-06-02 21:34:23',100,3),(2659,'2025-06-02 21:34:23',1,8),(2660,'2025-06-02 21:34:23',100,3),(2661,'2025-06-02 21:34:24',0,8),(2662,'2025-06-02 21:34:24',100,3),(2663,'2025-06-02 21:34:24',1,8),(2664,'2025-06-02 21:34:24',100,3),(2665,'2025-06-02 21:34:25',0,13),(2666,'2025-06-02 21:34:25',0.0156255,14),(2667,'2025-06-02 21:34:25',0,15),(2668,'2025-06-02 21:34:25',0,16),(2669,'2025-06-02 21:34:25',0,17),(2670,'2025-06-02 21:34:25',0,18),(2671,'2025-06-02 21:34:25',1,8),(2672,'2025-06-02 21:34:25',0,8),(2673,'2025-06-02 21:34:25',100,3),(2674,'2025-06-02 21:34:26',1,8),(2675,'2025-06-02 21:34:26',100,3),(2676,'2025-06-02 21:34:26',1,8),(2677,'2025-06-02 21:34:27',0,8),(2678,'2025-06-02 21:34:27',100,3),(2679,'2025-06-02 21:34:27',1,8),(2680,'2025-06-02 21:34:27',100,3),(2681,'2025-06-02 21:34:28',0,8),(2682,'2025-06-02 21:34:28',100,3),(2683,'2025-06-02 21:34:28',0,4),(2684,'2025-06-02 21:34:29',0,13),(2685,'2025-06-02 21:34:29',0,14),(2686,'2025-06-02 21:34:29',0,15),(2687,'2025-06-02 21:34:29',0,16),(2688,'2025-06-02 21:34:29',0,17),(2689,'2025-06-02 21:34:29',0,18),(2690,'2025-06-02 21:34:29',1,8),(2691,'2025-06-02 21:34:29',100,3),(2692,'2025-06-02 21:34:29',1,8),(2693,'2025-06-02 21:34:30',0,8),(2694,'2025-06-02 21:34:30',100,3),(2695,'2025-06-02 21:34:31',1,8),(2696,'2025-06-02 21:34:31',100,3),(2697,'2025-06-02 21:34:31',1,8),(2698,'2025-06-02 21:34:31',0,8),(2699,'2025-06-02 21:34:31',100,3),(2700,'2025-06-02 21:34:32',1,8),(2701,'2025-06-02 21:34:32',100,3),(2702,'2025-06-02 21:34:32',1,8),(2703,'2025-06-02 21:34:33',0,13),(2704,'2025-06-02 21:34:33',0,14),(2705,'2025-06-02 21:34:33',0,15),(2706,'2025-06-02 21:34:33',0,16),(2707,'2025-06-02 21:34:33',0,17),(2708,'2025-06-02 21:34:33',0,18),(2709,'2025-06-02 21:34:33',0,8),(2710,'2025-06-02 21:34:33',100,3),(2711,'2025-06-02 21:34:34',1,8),(2712,'2025-06-02 21:34:34',100,3),(2713,'2025-06-02 21:34:34',1,8),(2714,'2025-06-02 21:34:34',0,8),(2715,'2025-06-02 21:34:34',100,3),(2716,'2025-06-02 21:34:35',1,8),(2717,'2025-06-02 21:34:35',100,3),(2718,'2025-06-02 21:34:35',1,8),(2719,'2025-06-02 21:34:35',0,8),(2720,'2025-06-02 21:34:35',100,3),(2721,'2025-06-02 21:34:37',0,13),(2722,'2025-06-02 21:34:37',0,14),(2723,'2025-06-02 21:34:37',0,15),(2724,'2025-06-02 21:34:37',0,16),(2725,'2025-06-02 21:34:37',0,17),(2726,'2025-06-02 21:34:37',0,18),(2727,'2025-06-02 21:34:37',1,8),(2728,'2025-06-02 21:34:37',100,3),(2729,'2025-06-02 21:34:38',1,8),(2730,'2025-06-02 21:34:38',0,8),(2731,'2025-06-02 21:34:38',100,3),(2732,'2025-06-02 21:34:38',1,8),(2733,'2025-06-02 21:34:38',100,3),(2734,'2025-06-02 21:34:39',0,8),(2735,'2025-06-02 21:34:39',100,3),(2736,'2025-06-02 21:34:39',1,8),(2737,'2025-06-02 21:34:39',100,3),(2738,'2025-06-02 21:34:39',1,8),(2739,'2025-06-02 21:34:40',0,13),(2740,'2025-06-02 21:34:40',0,14),(2741,'2025-06-02 21:34:40',0,15),(2742,'2025-06-02 21:34:40',0,16),(2743,'2025-06-02 21:34:40',0,17),(2744,'2025-06-02 21:34:40',0,18),(2745,'2025-06-02 21:34:41',0,8),(2746,'2025-06-02 21:34:41',100,3),(2747,'2025-06-02 21:34:42',1,8),(2748,'2025-06-02 21:34:42',100,3),(2749,'2025-06-02 21:34:42',1,8),(2750,'2025-06-02 21:34:42',0,8),(2751,'2025-06-02 21:34:42',100,3),(2752,'2025-06-02 21:34:43',1,8),(2753,'2025-06-02 21:34:43',100,3),(2754,'2025-06-02 21:34:43',1,8),(2755,'2025-06-02 21:34:43',0,8),(2756,'2025-06-02 21:34:43',100,3),(2757,'2025-06-02 21:34:44',1,8),(2758,'2025-06-02 21:34:44',100,3),(2759,'2025-06-02 21:34:44',0,13),(2760,'2025-06-02 21:34:44',0,14),(2761,'2025-06-02 21:34:44',0,15),(2762,'2025-06-02 21:34:44',0,16),(2763,'2025-06-02 21:34:44',0,17),(2764,'2025-06-02 21:34:44',0,18),(2765,'2025-06-02 21:34:44',1,8),(2766,'2025-06-02 21:34:45',0,8),(2767,'2025-06-02 21:34:45',100,3),(2768,'2025-06-02 21:34:45',1,8),(2769,'2025-06-02 21:34:45',100,3),(2770,'2025-06-02 21:34:45',1,8),(2771,'2025-06-02 21:34:46',0,8),(2772,'2025-06-02 21:34:46',100,3),(2773,'2025-06-02 21:34:46',1,8),(2774,'2025-06-02 21:34:46',100,3),(2775,'2025-06-02 21:34:47',0,8),(2776,'2025-06-02 21:34:47',100,3),(2777,'2025-06-02 21:34:47',1,8),(2778,'2025-06-02 21:34:47',100,3),(2779,'2025-06-02 21:34:47',1,8),(2780,'2025-06-02 21:34:48',0,13),(2781,'2025-06-02 21:34:48',0,14),(2782,'2025-06-02 21:34:48',0,15),(2783,'2025-06-02 21:34:48',0,16),(2784,'2025-06-02 21:34:48',0,17),(2785,'2025-06-02 21:34:48',0,18),(2786,'2025-06-02 21:34:49',0,8),(2787,'2025-06-02 21:34:49',100,3),(2788,'2025-06-02 21:34:49',100,4),(2789,'2025-06-02 21:34:49',1,7),(2790,'2025-06-02 21:34:49',1,8),(2791,'2025-06-02 21:34:49',100,3),(2792,'2025-06-02 21:34:49',1,8),(2793,'2025-06-02 21:34:50',0,8),(2794,'2025-06-02 21:34:50',100,3),(2795,'2025-06-02 21:34:50',1,8),(2796,'2025-06-02 21:34:50',100,3),(2797,'2025-06-02 21:34:50',1,8),(2798,'2025-06-02 21:34:51',0,8),(2799,'2025-06-02 21:34:51',100,3),(2800,'2025-06-02 21:34:51',1,8),(2801,'2025-06-02 21:34:51',100,3),(2802,'2025-06-02 21:34:52',0,13),(2803,'2025-06-02 21:34:52',0.0156255,14),(2804,'2025-06-02 21:34:52',0,15),(2805,'2025-06-02 21:34:52',0,16),(2806,'2025-06-02 21:34:52',0,17),(2807,'2025-06-02 21:34:52',0,18),(2808,'2025-06-02 21:34:52',1,8),(2809,'2025-06-02 21:34:52',0,8),(2810,'2025-06-02 21:34:52',100,3),(2811,'2025-06-02 21:34:53',1,8),(2812,'2025-06-02 21:34:53',100,3),(2813,'2025-06-02 21:34:53',1,8),(2814,'2025-06-02 21:34:54',0,8),(2815,'2025-06-02 21:34:54',100,3),(2816,'2025-06-02 21:34:54',1,8),(2817,'2025-06-02 21:34:54',100,3),(2818,'2025-06-02 21:34:54',1,8),(2819,'2025-06-02 21:34:55',0,8),(2820,'2025-06-02 21:34:55',100,3),(2821,'2025-06-02 21:34:55',1,8),(2822,'2025-06-02 21:34:55',100,3),(2823,'2025-06-02 21:34:56',0,13),(2824,'2025-06-02 21:34:56',0.0156255,14),(2825,'2025-06-02 21:34:56',0,15),(2826,'2025-06-02 21:34:56',0,16),(2827,'2025-06-02 21:34:56',0,17),(2828,'2025-06-02 21:34:56',0,18),(2829,'2025-06-02 21:34:56',1,8),(2830,'2025-06-02 21:34:56',0,8),(2831,'2025-06-02 21:34:56',100,3),(2832,'2025-06-02 21:34:57',1,8),(2833,'2025-06-02 21:34:57',100,3),(2834,'2025-06-02 21:34:57',1,8),(2835,'2025-06-02 21:34:58',0,8),(2836,'2025-06-02 21:34:58',100,3),(2837,'2025-06-02 21:34:58',1,8),(2838,'2025-06-02 21:34:58',100,3),(2839,'2025-06-02 21:34:58',1,8),(2840,'2025-06-02 21:34:59',0,8),(2841,'2025-06-02 21:34:59',100,3),(2842,'2025-06-02 21:34:59',1,8),(2843,'2025-06-02 21:34:59',100,3),(2844,'2025-06-02 21:35:00',0,13),(2845,'2025-06-02 21:35:00',0.0156255,14),(2846,'2025-06-02 21:35:00',0,15),(2847,'2025-06-02 21:35:00',0,16),(2848,'2025-06-02 21:35:00',0,17),(2849,'2025-06-02 21:35:00',0,18),(2850,'2025-06-02 21:35:00',1,8),(2851,'2025-06-02 21:35:00',0,8),(2852,'2025-06-02 21:35:00',100,3),(2853,'2025-06-02 21:35:01',1,8),(2854,'2025-06-02 21:35:01',100,3),(2855,'2025-06-02 21:35:01',1,8),(2856,'2025-06-02 21:35:02',0,8),(2857,'2025-06-02 21:35:02',100,3),(2858,'2025-06-02 21:35:02',1,8),(2859,'2025-06-02 21:35:02',100,3),(2860,'2025-06-02 21:35:02',1,8),(2861,'2025-06-02 21:35:03',0,8),(2862,'2025-06-02 21:35:03',100,3),(2863,'2025-06-02 21:35:03',1,8),(2864,'2025-06-02 21:35:03',100,3),(2865,'2025-06-02 21:35:04',0,13),(2866,'2025-06-02 21:35:04',0.0156255,14),(2867,'2025-06-02 21:35:04',0,15),(2868,'2025-06-02 21:35:04',0,16),(2869,'2025-06-02 21:35:04',0,17),(2870,'2025-06-02 21:35:04',0,18),(2871,'2025-06-02 21:35:04',1,8),(2872,'2025-06-02 21:35:04',0,8),(2873,'2025-06-02 21:35:04',100,3),(2874,'2025-06-02 21:35:05',1,8),(2875,'2025-06-02 21:35:05',100,3),(2876,'2025-06-02 21:35:05',1,8),(2877,'2025-06-02 21:35:05',0,8),(2878,'2025-06-02 21:35:05',100,3),(2879,'2025-06-02 21:35:06',1,8),(2880,'2025-06-02 21:35:06',100,3),(2881,'2025-06-02 21:35:06',1,8),(2882,'2025-06-02 21:35:06',0,4),(2883,'2025-06-02 21:35:06',0,8),(2884,'2025-06-02 21:35:06',100,3),(2885,'2025-06-02 21:35:07',100,4),(2886,'2025-06-02 21:35:07',1,7),(2887,'2025-06-02 21:35:07',1,8),(2888,'2025-06-02 21:35:07',100,3),(2889,'2025-06-02 21:35:08',0,13),(2890,'2025-06-02 21:35:08',0.0156255,14),(2891,'2025-06-02 21:35:08',0,15),(2892,'2025-06-02 21:35:08',0,16),(2893,'2025-06-02 21:35:08',0,17),(2894,'2025-06-02 21:35:08',0,18),(2895,'2025-06-02 21:35:08',1,8),(2896,'2025-06-02 21:35:08',0,8),(2897,'2025-06-02 21:35:08',100,3),(2898,'2025-06-02 21:35:09',1,8),(2899,'2025-06-02 21:35:09',100,3),(2900,'2025-06-02 21:35:09',0,8),(2901,'2025-06-02 21:35:09',100,3),(2902,'2025-06-02 21:35:10',1,8),(2903,'2025-06-02 21:35:10',100,3),(2904,'2025-06-02 21:35:10',1,8),(2905,'2025-06-02 21:35:10',0,8),(2906,'2025-06-02 21:35:10',100,3),(2907,'2025-06-02 21:35:11',1,8),(2908,'2025-06-02 21:35:11',100,3),(2909,'2025-06-02 21:35:12',0,13),(2910,'2025-06-02 21:35:12',0.0156255,14),(2911,'2025-06-02 21:35:12',0,15),(2912,'2025-06-02 21:35:12',0,16),(2913,'2025-06-02 21:35:12',0,17),(2914,'2025-06-02 21:35:12',0,18),(2915,'2025-06-02 21:35:12',1,8),(2916,'2025-06-02 21:35:12',0,8),(2917,'2025-06-02 21:35:12',100,3),(2918,'2025-06-02 21:35:13',1,8),(2919,'2025-06-02 21:35:13',100,3),(2920,'2025-06-02 21:35:13',1,8),(2921,'2025-06-02 21:35:13',0,8),(2922,'2025-06-02 21:35:13',100,3),(2923,'2025-06-02 21:35:14',1,8),(2924,'2025-06-02 21:35:14',100,3),(2925,'2025-06-02 21:35:14',1,8),(2926,'2025-06-02 21:35:14',0,8),(2927,'2025-06-02 21:35:14',100,3),(2928,'2025-06-02 21:35:15',1,8),(2929,'2025-06-02 21:35:15',100,3),(2930,'2025-06-02 21:35:16',0,13),(2931,'2025-06-02 21:35:16',0.0156255,14),(2932,'2025-06-02 21:35:16',0,15),(2933,'2025-06-02 21:35:16',0,16),(2934,'2025-06-02 21:35:16',0,17),(2935,'2025-06-02 21:35:16',0,18),(2936,'2025-06-02 21:35:16',1,8),(2937,'2025-06-02 21:35:16',0,8),(2938,'2025-06-02 21:35:16',100,3),(2939,'2025-06-02 21:35:17',1,8),(2940,'2025-06-02 21:35:17',100,3),(2941,'2025-06-02 21:35:17',1,8),(2942,'2025-06-02 21:35:17',0,8),(2943,'2025-06-02 21:35:17',100,3),(2944,'2025-06-02 21:35:18',1,8),(2945,'2025-06-02 21:35:18',100,3),(2946,'2025-06-02 21:35:18',1,8),(2947,'2025-06-02 21:35:18',0,8),(2948,'2025-06-02 21:35:18',100,3),(2949,'2025-06-02 21:35:19',1,8),(2950,'2025-06-02 21:35:19',100,3),(2951,'2025-06-02 21:35:19',0,13),(2952,'2025-06-02 21:35:19',0.0156255,14),(2953,'2025-06-02 21:35:20',0,15),(2954,'2025-06-02 21:35:20',0,16),(2955,'2025-06-02 21:35:20',0,17),(2956,'2025-06-02 21:35:20',0,18),(2957,'2025-06-02 21:35:20',1,8),(2958,'2025-06-02 21:35:20',0,8),(2959,'2025-06-02 21:35:20',100,3),(2960,'2025-06-02 21:35:20',1,8),(2961,'2025-06-02 21:35:20',100,3),(2962,'2025-06-02 21:35:21',1,8),(2963,'2025-06-02 21:35:21',0,8),(2964,'2025-06-02 21:35:21',100,3),(2965,'2025-06-02 21:35:21',1,8),(2966,'2025-06-02 21:35:21',100,3),(2967,'2025-06-02 21:35:22',1,8),(2968,'2025-06-02 21:35:22',0,8),(2969,'2025-06-02 21:35:22',100,3),(2970,'2025-06-02 21:35:22',1,8),(2971,'2025-06-02 21:35:22',100,3),(2972,'2025-06-02 21:35:23',0,13),(2973,'2025-06-02 21:35:23',0.0156255,14),(2974,'2025-06-02 21:35:23',0,15),(2975,'2025-06-02 21:35:23',0,16),(2976,'2025-06-02 21:35:23',0,17),(2977,'2025-06-02 21:35:23',0,18),(2978,'2025-06-02 21:35:23',1,8),(2979,'2025-06-02 21:35:24',0,8),(2980,'2025-06-02 21:35:24',100,3),(2981,'2025-06-02 21:35:24',1,8),(2982,'2025-06-02 21:35:24',100,3),(2983,'2025-06-02 21:35:24',1,8),(2984,'2025-06-02 21:35:25',0,8),(2985,'2025-06-02 21:35:25',100,3),(2986,'2025-06-02 21:35:25',1,8),(2987,'2025-06-02 21:35:25',100,3),(2988,'2025-06-02 21:35:26',1,8),(2989,'2025-06-02 21:35:26',0,8),(2990,'2025-06-02 21:35:26',100,3),(2991,'2025-06-02 21:35:26',1,8),(2992,'2025-06-02 21:35:26',100,3),(2993,'2025-06-02 21:35:27',0,13),(2994,'2025-06-02 21:35:27',0.0156255,14),(2995,'2025-06-02 21:35:27',0,15),(2996,'2025-06-02 21:35:27',0,16),(2997,'2025-06-02 21:35:27',0,17),(2998,'2025-06-02 21:35:27',0,18),(2999,'2025-06-02 21:35:27',1,8),(3000,'2025-06-02 21:35:27',0,8),(3001,'2025-06-02 21:35:27',100,3),(3002,'2025-06-02 21:35:28',1,8),(3003,'2025-06-02 21:35:28',100,3),(3004,'2025-06-02 21:35:28',1,8),(3005,'2025-06-02 21:35:29',0,8),(3006,'2025-06-02 21:35:29',100,3),(3007,'2025-06-02 21:35:29',1,8),(3008,'2025-06-02 21:35:29',100,3),(3009,'2025-06-02 21:35:29',1,8),(3010,'2025-06-02 21:35:30',0,8),(3011,'2025-06-02 21:35:30',100,3),(3012,'2025-06-02 21:35:30',1,8),(3013,'2025-06-02 21:35:30',100,3),(3014,'2025-06-02 21:35:31',0,13),(3015,'2025-06-02 21:35:31',0.0156255,14),(3016,'2025-06-02 21:35:31',0,15),(3017,'2025-06-02 21:35:31',0,16),(3018,'2025-06-02 21:35:31',0,17),(3019,'2025-06-02 21:35:31',0,18),(3020,'2025-06-02 21:35:31',1,8),(3021,'2025-06-02 21:35:31',0,8),(3022,'2025-06-02 21:35:31',100,3),(3023,'2025-06-02 21:35:32',1,8),(3024,'2025-06-02 21:35:32',100,3),(3025,'2025-06-02 21:35:32',1,8),(3026,'2025-06-02 21:35:33',0,8),(3027,'2025-06-02 21:35:33',100,3),(3028,'2025-06-02 21:35:33',1,8),(3029,'2025-06-02 21:35:33',100,3),(3030,'2025-06-02 21:35:33',1,8),(3031,'2025-06-02 21:35:34',0,8),(3032,'2025-06-02 21:35:34',100,3),(3033,'2025-06-02 21:35:34',1,8),(3034,'2025-06-02 21:35:34',100,3),(3035,'2025-06-02 21:35:35',0,13),(3036,'2025-06-02 21:35:35',0.0156255,14),(3037,'2025-06-02 21:35:35',0,15),(3038,'2025-06-02 21:35:35',0,16),(3039,'2025-06-02 21:35:35',0,17),(3040,'2025-06-02 21:35:35',0,18),(3041,'2025-06-02 21:35:35',1,8),(3042,'2025-06-02 21:35:35',0,8),(3043,'2025-06-02 21:35:35',100,3),(3044,'2025-06-02 21:35:36',1,8),(3045,'2025-06-02 21:35:36',100,3),(3046,'2025-06-02 21:35:36',1,8),(3047,'2025-06-02 21:35:37',0,8),(3048,'2025-06-02 21:35:37',100,3),(3049,'2025-06-02 21:35:37',1,8),(3050,'2025-06-02 21:35:37',100,3),(3051,'2025-06-02 21:35:37',1,8),(3052,'2025-06-02 21:35:38',0,8),(3053,'2025-06-02 21:35:38',100,3),(3054,'2025-06-02 21:35:38',1,8),(3055,'2025-06-02 21:35:38',100,3),(3056,'2025-06-02 21:35:39',0,13),(3057,'2025-06-02 21:35:39',0.0156255,14),(3058,'2025-06-02 21:35:39',0,15),(3059,'2025-06-02 21:35:39',0,16),(3060,'2025-06-02 21:35:39',0,17),(3061,'2025-06-02 21:35:39',0,18),(3062,'2025-06-02 21:35:39',1,8),(3063,'2025-06-02 21:35:39',0,8),(3064,'2025-06-02 21:35:39',100,3),(3065,'2025-06-02 21:35:40',0,4),(3066,'2025-06-02 21:35:40',1,8),(3067,'2025-06-02 21:35:40',100,3),(3068,'2025-06-02 21:35:40',1,8),(3069,'2025-06-02 21:35:41',0,8),(3070,'2025-06-02 21:35:41',100,3),(3071,'2025-06-02 21:35:41',1,8),(3072,'2025-06-02 21:35:41',100,3),(3073,'2025-06-02 21:35:41',1,8),(3074,'2025-06-02 21:35:42',0,8),(3075,'2025-06-02 21:35:42',100,3),(3076,'2025-06-02 21:35:42',1,8),(3077,'2025-06-02 21:35:42',100,3),(3078,'2025-06-02 21:35:43',0,13),(3079,'2025-06-02 21:35:43',0,14),(3080,'2025-06-02 21:35:43',0,15),(3081,'2025-06-02 21:35:43',0,16),(3082,'2025-06-02 21:35:43',0,17),(3083,'2025-06-02 21:35:43',0,18),(3084,'2025-06-02 21:35:43',1,8),(3085,'2025-06-02 21:35:43',0,8),(3086,'2025-06-02 21:35:43',100,3),(3087,'2025-06-02 21:35:44',100,4),(3088,'2025-06-02 21:35:44',1,7),(3089,'2025-06-02 21:35:44',1,8),(3090,'2025-06-02 21:35:44',100,3),(3091,'2025-06-02 21:35:44',1,8),(3092,'2025-06-02 21:35:44',0,8),(3093,'2025-06-02 21:35:44',100,3),(3094,'2025-06-02 21:35:45',1,8),(3095,'2025-06-02 21:35:45',100,3),(3096,'2025-06-02 21:35:45',1,8),(3097,'2025-06-02 21:35:45',0,8),(3098,'2025-06-02 21:35:45',100,3),(3099,'2025-06-02 21:35:46',1,8),(3100,'2025-06-02 21:35:46',100,3),(3101,'2025-06-02 21:35:47',0,13),(3102,'2025-06-02 21:35:47',0.0156255,14),(3103,'2025-06-02 21:35:47',0,15),(3104,'2025-06-02 21:35:47',0,16),(3105,'2025-06-02 21:35:47',0,17),(3106,'2025-06-02 21:35:47',0,18),(3107,'2025-06-02 21:35:47',1,8),(3108,'2025-06-02 21:35:47',0,8),(3109,'2025-06-02 21:35:47',100,3),(3110,'2025-06-02 21:35:48',1,8),(3111,'2025-06-02 21:35:48',100,3),(3112,'2025-06-02 21:35:48',1,8),(3113,'2025-06-02 21:35:48',0,8),(3114,'2025-06-02 21:35:48',100,3),(3115,'2025-06-02 21:35:49',1,8),(3116,'2025-06-02 21:35:49',100,3),(3117,'2025-06-02 21:35:49',1,8),(3118,'2025-06-02 21:35:49',0,8),(3119,'2025-06-02 21:35:49',100,3),(3120,'2025-06-02 21:35:50',1,8),(3121,'2025-06-02 21:35:50',100,3),(3122,'2025-06-02 21:35:51',0,13),(3123,'2025-06-02 21:35:51',0.0156255,14),(3124,'2025-06-02 21:35:51',0,15),(3125,'2025-06-02 21:35:51',0,16),(3126,'2025-06-02 21:35:51',0,17),(3127,'2025-06-02 21:35:51',0,18),(3128,'2025-06-02 21:35:51',1,8),(3129,'2025-06-02 21:35:51',0,8),(3130,'2025-06-02 21:35:51',100,3),(3131,'2025-06-02 21:35:52',1,8),(3132,'2025-06-02 21:35:52',100,3),(3133,'2025-06-02 21:35:52',1,8),(3134,'2025-06-02 21:35:52',0,8),(3135,'2025-06-02 21:35:52',100,3),(3136,'2025-06-02 21:35:53',1,8),(3137,'2025-06-02 21:35:53',100,3),(3138,'2025-06-02 21:35:53',1,8),(3139,'2025-06-02 21:35:53',0,8),(3140,'2025-06-02 21:35:53',100,3),(3141,'2025-06-02 21:35:54',1,8),(3142,'2025-06-02 21:35:54',100,3),(3143,'2025-06-02 21:35:55',0,13),(3144,'2025-06-02 21:35:55',0.0156255,14),(3145,'2025-06-02 21:35:55',0,15),(3146,'2025-06-02 21:35:55',0,16),(3147,'2025-06-02 21:35:55',0,17),(3148,'2025-06-02 21:35:55',0,18),(3149,'2025-06-02 21:35:55',1,8),(3150,'2025-06-02 21:35:55',0,4),(3151,'2025-06-02 21:35:55',0,8),(3152,'2025-06-02 21:35:55',100,3),(3153,'2025-06-02 21:35:56',1,8),(3154,'2025-06-02 21:35:56',100,3),(3155,'2025-06-02 21:35:56',1,8),(3156,'2025-06-02 21:35:56',0,8),(3157,'2025-06-02 21:35:56',100,3),(3158,'2025-06-02 21:35:57',1,8),(3159,'2025-06-02 21:35:57',100,3),(3160,'2025-06-02 21:35:57',1,8),(3161,'2025-06-02 21:35:57',100,4),(3162,'2025-06-02 21:35:57',1,7),(3163,'2025-06-02 21:35:57',0,8),(3164,'2025-06-02 21:35:57',100,3),(3165,'2025-06-02 21:35:58',1,8),(3166,'2025-06-02 21:35:58',100,3),(3167,'2025-06-02 21:35:58',0,13),(3168,'2025-06-02 21:35:58',0.0156255,14),(3169,'2025-06-02 21:35:59',0,15),(3170,'2025-06-02 21:35:59',0,16),(3171,'2025-06-02 21:35:59',0,17),(3172,'2025-06-02 21:35:59',0,18),(3173,'2025-06-02 21:35:59',1,8),(3174,'2025-06-02 21:35:59',0,8),(3175,'2025-06-02 21:35:59',100,3),(3176,'2025-06-02 21:36:00',1,8),(3177,'2025-06-02 21:36:00',100,3),(3178,'2025-06-02 21:36:00',1,8),(3179,'2025-06-02 21:36:00',0,8),(3180,'2025-06-02 21:36:00',100,3),(3181,'2025-06-02 21:36:01',1,8),(3182,'2025-06-02 21:36:01',100,3),(3183,'2025-06-02 21:36:01',1,8),(3184,'2025-06-02 21:36:01',0,8),(3185,'2025-06-02 21:36:01',100,3),(3186,'2025-06-02 21:36:02',1,8),(3187,'2025-06-02 21:36:02',100,3),(3188,'2025-06-02 21:36:02',0,13),(3189,'2025-06-02 21:36:02',0.0156255,14),(3190,'2025-06-02 21:36:02',0,15),(3191,'2025-06-02 21:36:02',0,16),(3192,'2025-06-02 21:36:02',0,17),(3193,'2025-06-02 21:36:02',0,18),(3194,'2025-06-02 21:36:02',1,8),(3195,'2025-06-02 21:36:03',0,8),(3196,'2025-06-02 21:36:03',100,3),(3197,'2025-06-02 21:36:03',0,4),(3198,'2025-06-02 21:36:03',1,8),(3199,'2025-06-02 21:36:03',100,3),(3200,'2025-06-02 21:36:04',1,8),(3201,'2025-06-02 21:36:04',0,8),(3202,'2025-06-02 21:36:04',100,3),(3203,'2025-06-02 21:36:04',1,8),(3204,'2025-06-02 21:36:04',100,3),(3205,'2025-06-02 21:36:05',1,8),(3206,'2025-06-02 21:36:05',0,8),(3207,'2025-06-02 21:36:05',100,3),(3208,'2025-06-02 21:36:05',1,8),(3209,'2025-06-02 21:36:05',100,3),(3210,'2025-06-02 21:36:06',0,13),(3211,'2025-06-02 21:36:06',0,14),(3212,'2025-06-02 21:36:06',0,15),(3213,'2025-06-02 21:36:06',0,16),(3214,'2025-06-02 21:36:06',0,17),(3215,'2025-06-02 21:36:06',0,18),(3216,'2025-06-02 21:36:06',1,8),(3217,'2025-06-02 21:36:06',0,8),(3218,'2025-06-02 21:36:06',100,3),(3219,'2025-06-02 21:36:07',1,8),(3220,'2025-06-02 21:36:07',100,3),(3221,'2025-06-02 21:36:08',0,8),(3222,'2025-06-02 21:36:08',100,3),(3223,'2025-06-02 21:36:08',1,8),(3224,'2025-06-02 21:36:08',100,3),(3225,'2025-06-02 21:36:08',1,8),(3226,'2025-06-02 21:36:09',0,8),(3227,'2025-06-02 21:36:09',100,3),(3228,'2025-06-02 21:36:09',1,8),(3229,'2025-06-02 21:36:09',100,3),(3230,'2025-06-02 21:36:10',0,13),(3231,'2025-06-02 21:36:10',0,14),(3232,'2025-06-02 21:36:10',0,15),(3233,'2025-06-02 21:36:10',0,16),(3234,'2025-06-02 21:36:10',0,17),(3235,'2025-06-02 21:36:10',0,18),(3236,'2025-06-02 21:36:10',1,8),(3237,'2025-06-02 21:36:10',0,8),(3238,'2025-06-02 21:36:10',100,3),(3239,'2025-06-02 21:36:11',1,8),(3240,'2025-06-02 21:36:11',100,3),(3241,'2025-06-02 21:36:11',1,8),(3242,'2025-06-02 21:36:12',0,8),(3243,'2025-06-02 21:36:12',100,3),(3244,'2025-06-02 21:36:12',100,4),(3245,'2025-06-02 21:36:12',1,7),(3246,'2025-06-02 21:36:12',1,8),(3247,'2025-06-02 21:36:12',100,3),(3248,'2025-06-02 21:36:12',1,8),(3249,'2025-06-02 21:36:13',0,8),(3250,'2025-06-02 21:36:13',100,3),(3251,'2025-06-02 21:36:13',1,8),(3252,'2025-06-02 21:36:13',100,3),(3253,'2025-06-02 21:36:14',0,13),(3254,'2025-06-02 21:36:14',0.0156255,14),(3255,'2025-06-02 21:36:14',0,15),(3256,'2025-06-02 21:36:14',0,16),(3257,'2025-06-02 21:36:14',0,17),(3258,'2025-06-02 21:36:14',0,18),(3259,'2025-06-02 21:36:14',1,8),(3260,'2025-06-02 21:36:14',0,8),(3261,'2025-06-02 21:36:14',100,3),(3262,'2025-06-02 21:36:15',1,8),(3263,'2025-06-02 21:36:15',100,3),(3264,'2025-06-02 21:36:15',1,8),(3265,'2025-06-02 21:36:16',0,8),(3266,'2025-06-02 21:36:16',100,3),(3267,'2025-06-02 21:36:16',1,8),(3268,'2025-06-02 21:36:16',100,3),(3269,'2025-06-02 21:36:16',1,8),(3270,'2025-06-02 21:36:17',0,8),(3271,'2025-06-02 21:36:17',100,3),(3272,'2025-06-02 21:36:17',1,8),(3273,'2025-06-02 21:36:17',100,3),(3274,'2025-06-02 21:36:18',0,13),(3275,'2025-06-02 21:36:18',0.0156255,14),(3276,'2025-06-02 21:36:18',0,15),(3277,'2025-06-02 21:36:18',0,16),(3278,'2025-06-02 21:36:18',0,17),(3279,'2025-06-02 21:36:18',0,18),(3280,'2025-06-02 21:36:18',1,8),(3281,'2025-06-02 21:36:18',0,4),(3282,'2025-06-02 21:36:18',0,8),(3283,'2025-06-02 21:36:18',100,3),(3284,'2025-06-02 21:36:19',1,8),(3285,'2025-06-02 21:36:19',100,3),(3286,'2025-06-02 21:36:19',1,8),(3287,'2025-06-02 21:36:19',0,8),(3288,'2025-06-02 21:36:19',100,3),(3289,'2025-06-02 21:36:20',1,8),(3290,'2025-06-02 21:36:20',100,3),(3291,'2025-06-02 21:36:20',1,8),(3292,'2025-06-02 21:36:20',0,8),(3293,'2025-06-02 21:36:20',100,3),(3294,'2025-06-02 21:36:21',1,8),(3295,'2025-06-02 21:36:21',100,3),(3296,'2025-06-02 21:36:22',0,13),(3297,'2025-06-02 21:36:22',0,14),(3298,'2025-06-02 21:36:22',0,15),(3299,'2025-06-02 21:36:22',0,16),(3300,'2025-06-02 21:36:22',0,17),(3301,'2025-06-02 21:36:22',0,18),(3302,'2025-06-02 21:36:22',1,8),(3303,'2025-06-02 21:36:22',0,8),(3304,'2025-06-02 21:36:22',100,3),(3305,'2025-06-02 21:36:23',1,8),(3306,'2025-06-02 21:36:23',100,3),(3307,'2025-06-02 21:36:23',1,8),(3308,'2025-06-02 21:36:23',0,8),(3309,'2025-06-02 21:36:23',100,3),(3310,'2025-06-02 21:36:24',1,8),(3311,'2025-06-02 21:36:24',100,3),(3312,'2025-06-02 21:36:24',1,8),(3313,'2025-06-02 21:36:24',0,8),(3314,'2025-06-02 21:36:24',100,3),(3315,'2025-06-02 21:36:25',1,8),(3316,'2025-06-02 21:36:25',100,3),(3317,'2025-06-02 21:36:26',0,13),(3318,'2025-06-02 21:36:26',0,14),(3319,'2025-06-02 21:36:26',0,15),(3320,'2025-06-02 21:36:26',0,16),(3321,'2025-06-02 21:36:26',0,17),(3322,'2025-06-02 21:36:26',0,18),(3323,'2025-06-02 21:36:26',1,8),(3324,'2025-06-02 21:36:26',0,8),(3325,'2025-06-02 21:36:26',100,3),(3326,'2025-06-02 21:36:27',1,8),(3327,'2025-06-02 21:36:27',100,3),(3328,'2025-06-02 21:36:27',1,8),(3329,'2025-06-02 21:36:27',0,8),(3330,'2025-06-02 21:36:27',100,3),(3331,'2025-06-02 21:36:28',1,8),(3332,'2025-06-02 21:36:28',100,3),(3333,'2025-06-02 21:36:28',1,8),(3334,'2025-06-02 21:36:28',0,8),(3335,'2025-06-02 21:36:28',100,3),(3336,'2025-06-02 21:36:29',1,8),(3337,'2025-06-02 21:36:29',100,3),(3338,'2025-06-02 21:36:30',0,13),(3339,'2025-06-02 21:36:30',0,14),(3340,'2025-06-02 21:36:30',0,15),(3341,'2025-06-02 21:36:30',0,16),(3342,'2025-06-02 21:36:30',0,17),(3343,'2025-06-02 21:36:30',0,18),(3344,'2025-06-02 21:36:30',1,8),(3345,'2025-06-02 21:36:30',0,8),(3346,'2025-06-02 21:36:30',100,3),(3347,'2025-06-02 21:36:31',1,8),(3348,'2025-06-02 21:36:31',100,3),(3349,'2025-06-02 21:36:31',1,8),(3350,'2025-06-02 21:36:31',0,8),(3351,'2025-06-02 21:36:31',100,3),(3352,'2025-06-02 21:36:32',1,8),(3353,'2025-06-02 21:36:32',100,3),(3354,'2025-06-02 21:36:32',1,8),(3355,'2025-06-02 21:36:32',0,8),(3356,'2025-06-02 21:36:32',100,3),(3357,'2025-06-02 21:36:33',1,8),(3358,'2025-06-02 21:36:33',100,3),(3359,'2025-06-02 21:36:34',0,13),(3360,'2025-06-02 21:36:34',0,14),(3361,'2025-06-02 21:36:34',0,15),(3362,'2025-06-02 21:36:34',0,16),(3363,'2025-06-02 21:36:34',0,17),(3364,'2025-06-02 21:36:34',0,18),(3365,'2025-06-02 21:36:34',1,8),(3366,'2025-06-02 21:36:34',0,8),(3367,'2025-06-02 21:36:34',100,3),(3368,'2025-06-02 21:36:35',1,8),(3369,'2025-06-02 21:36:35',100,3),(3370,'2025-06-02 21:36:35',1,8),(3371,'2025-06-02 21:36:35',0,8),(3372,'2025-06-02 21:36:35',100,3),(3373,'2025-06-02 21:36:36',1,8),(3374,'2025-06-02 21:36:36',100,3),(3375,'2025-06-02 21:36:36',1,8),(3376,'2025-06-02 21:36:36',0,8),(3377,'2025-06-02 21:36:36',100,3),(3378,'2025-06-02 21:36:37',1,8),(3379,'2025-06-02 21:36:37',100,3),(3380,'2025-06-02 21:36:38',0,13),(3381,'2025-06-02 21:36:38',0,14),(3382,'2025-06-02 21:36:38',0,15),(3383,'2025-06-02 21:36:38',0,16),(3384,'2025-06-02 21:36:38',0,17),(3385,'2025-06-02 21:36:38',0,18),(3386,'2025-06-02 21:36:38',1,8),(3387,'2025-06-02 21:36:38',0,8),(3388,'2025-06-02 21:36:38',100,3),(3389,'2025-06-02 21:36:39',1,8),(3390,'2025-06-02 21:36:39',100,3),(3391,'2025-06-02 21:36:39',1,8),(3392,'2025-06-02 21:36:39',0,8),(3393,'2025-06-02 21:36:39',100,3),(3394,'2025-06-02 21:36:40',1,8),(3395,'2025-06-02 21:36:40',100,3),(3396,'2025-06-02 21:36:40',1,8),(3397,'2025-06-02 21:36:40',0,8),(3398,'2025-06-02 21:36:40',100,3),(3399,'2025-06-02 21:36:41',1,8),(3400,'2025-06-02 21:36:41',100,3),(3401,'2025-06-02 21:36:41',0,13),(3402,'2025-06-02 21:36:41',0,14),(3403,'2025-06-02 21:36:41',0,15),(3404,'2025-06-02 21:36:41',0,16),(3405,'2025-06-02 21:36:41',0,17),(3406,'2025-06-02 21:36:41',0,18),(3407,'2025-06-02 21:36:41',1,8),(3408,'2025-06-02 21:36:41',100,4),(3409,'2025-06-02 21:36:41',1,7),(3410,'2025-06-02 21:36:42',0,8),(3411,'2025-06-02 21:36:42',100,3),(3412,'2025-06-02 21:36:42',1,8),(3413,'2025-06-02 21:36:42',100,3),(3414,'2025-06-02 21:36:42',1,8),(3415,'2025-06-02 21:36:43',0,8),(3416,'2025-06-02 21:36:43',100,3),(3417,'2025-06-02 21:36:43',1,8),(3418,'2025-06-02 21:36:43',100,3),(3419,'2025-06-02 21:36:43',1,8),(3420,'2025-06-02 21:36:44',0,8),(3421,'2025-06-02 21:36:44',100,3),(3422,'2025-06-02 21:36:44',1,8),(3423,'2025-06-02 21:36:44',100,3),(3424,'2025-06-02 21:36:45',0,13),(3425,'2025-06-02 21:36:45',0.0156255,14),(3426,'2025-06-02 21:36:45',0,15),(3427,'2025-06-02 21:36:45',0,16),(3428,'2025-06-02 21:36:45',0,17),(3429,'2025-06-02 21:36:45',0,18),(3430,'2025-06-02 21:36:45',1,8),(3431,'2025-06-02 21:36:46',0,8),(3432,'2025-06-02 21:36:46',100,3),(3433,'2025-06-02 21:36:46',1,8),(3434,'2025-06-02 21:36:46',100,3),(3435,'2025-06-02 21:36:46',1,8),(3436,'2025-06-02 21:36:47',0,8),(3437,'2025-06-02 21:36:47',100,3),(3438,'2025-06-02 21:36:47',1,8),(3439,'2025-06-02 21:36:47',100,3),(3440,'2025-06-02 21:36:47',1,8),(3441,'2025-06-02 21:36:48',0,8),(3442,'2025-06-02 21:36:48',100,3),(3443,'2025-06-02 21:36:48',1,8),(3444,'2025-06-02 21:36:48',100,3),(3445,'2025-06-02 21:36:49',0,13),(3446,'2025-06-02 21:36:49',0.0156255,14),(3447,'2025-06-02 21:36:49',0,15),(3448,'2025-06-02 21:36:49',0,16),(3449,'2025-06-02 21:36:49',0,17),(3450,'2025-06-02 21:36:49',0,18),(3451,'2025-06-02 21:36:49',1,8),(3452,'2025-06-02 21:36:49',0,8),(3453,'2025-06-02 21:36:49',100,3),(3454,'2025-06-02 21:36:50',1,8),(3455,'2025-06-02 21:36:50',100,3),(3456,'2025-06-02 21:36:50',1,8),(3457,'2025-06-02 21:36:51',0,8),(3458,'2025-06-02 21:36:51',100,3),(3459,'2025-06-02 21:36:51',1,8),(3460,'2025-06-02 21:36:51',100,3),(3461,'2025-06-02 21:36:51',1,8),(3462,'2025-06-02 21:36:52',0,8),(3463,'2025-06-02 21:36:52',100,3),(3464,'2025-06-02 21:36:52',1,8),(3465,'2025-06-02 21:36:52',100,3),(3466,'2025-06-02 21:36:53',0,13),(3467,'2025-06-02 21:36:53',0.0156255,14),(3468,'2025-06-02 21:36:53',0,15),(3469,'2025-06-02 21:36:53',0,16),(3470,'2025-06-02 21:36:53',0,17),(3471,'2025-06-02 21:36:53',0,18),(3472,'2025-06-02 21:36:53',1,8),(3473,'2025-06-02 21:36:53',0,8),(3474,'2025-06-02 21:36:53',100,3),(3475,'2025-06-02 21:36:54',1,8),(3476,'2025-06-02 21:36:54',100,3),(3477,'2025-06-02 21:36:55',0,8),(3478,'2025-06-02 21:36:55',100,3),(3479,'2025-06-02 21:36:55',1,8),(3480,'2025-06-02 21:36:55',100,3),(3481,'2025-06-02 21:36:55',1,8),(3482,'2025-06-02 21:36:56',0,8),(3483,'2025-06-02 21:36:56',100,3),(3484,'2025-06-02 21:36:56',1,8),(3485,'2025-06-02 21:36:56',100,3),(3486,'2025-06-02 21:36:57',0,13),(3487,'2025-06-02 21:36:57',0.0156255,14),(3488,'2025-06-02 21:36:57',0,15),(3489,'2025-06-02 21:36:57',0,16),(3490,'2025-06-02 21:36:57',0,17),(3491,'2025-06-02 21:36:57',0,18),(3492,'2025-06-02 21:36:57',1,8),(3493,'2025-06-02 21:36:57',0,8),(3494,'2025-06-02 21:36:57',100,3),(3495,'2025-06-02 21:36:58',1,8),(3496,'2025-06-02 21:36:58',100,3),(3497,'2025-06-02 21:36:58',1,8),(3498,'2025-06-02 21:36:59',0,8),(3499,'2025-06-02 21:36:59',100,3),(3500,'2025-06-02 21:36:59',1,8),(3501,'2025-06-02 21:36:59',100,3),(3502,'2025-06-02 21:36:59',1,8),(3503,'2025-06-02 21:37:00',0,8),(3504,'2025-06-02 21:37:00',100,3),(3505,'2025-06-02 21:37:00',1,8),(3506,'2025-06-02 21:37:00',100,3),(3507,'2025-06-02 21:37:01',0,13),(3508,'2025-06-02 21:37:01',0.0156255,14),(3509,'2025-06-02 21:37:01',0,15),(3510,'2025-06-02 21:37:01',0,16),(3511,'2025-06-02 21:37:01',0,17),(3512,'2025-06-02 21:37:01',0,18),(3513,'2025-06-02 21:37:01',1,8),(3514,'2025-06-02 21:37:01',0,8),(3515,'2025-06-02 21:37:01',100,3),(3516,'2025-06-02 21:37:02',1,8),(3517,'2025-06-02 21:37:02',100,3),(3518,'2025-06-02 21:37:02',1,8),(3519,'2025-06-02 21:37:02',0,4),(3520,'2025-06-02 21:37:02',0,8),(3521,'2025-06-02 21:37:02',100,3),(3522,'2025-06-02 21:37:03',1,8),(3523,'2025-06-02 21:37:03',100,3),(3524,'2025-06-02 21:37:03',1,8),(3525,'2025-06-02 21:37:03',100,4),(3526,'2025-06-02 21:37:03',1,7),(3527,'2025-06-02 21:37:03',0,8),(3528,'2025-06-02 21:37:03',100,3),(3529,'2025-06-02 21:37:04',1,8),(3530,'2025-06-02 21:37:04',100,3),(3531,'2025-06-02 21:37:05',0,13),(3532,'2025-06-02 21:37:05',0.0156255,14),(3533,'2025-06-02 21:37:05',0,15),(3534,'2025-06-02 21:37:05',0,16),(3535,'2025-06-02 21:37:05',0,17),(3536,'2025-06-02 21:37:05',0,18),(3537,'2025-06-02 21:37:05',1,8),(3538,'2025-06-02 21:37:05',0,8),(3539,'2025-06-02 21:37:05',100,3),(3540,'2025-06-02 21:37:06',1,8),(3541,'2025-06-02 21:37:06',100,3),(3542,'2025-06-02 21:37:06',1,8),(3543,'2025-06-02 21:37:06',0,8),(3544,'2025-06-02 21:37:06',100,3),(3545,'2025-06-02 21:37:07',1,8),(3546,'2025-06-02 21:37:07',100,3),(3547,'2025-06-02 21:37:07',1,8),(3548,'2025-06-02 21:37:07',0,8),(3549,'2025-06-02 21:37:07',100,3),(3550,'2025-06-02 21:37:08',1,8),(3551,'2025-06-02 21:37:08',100,3),(3552,'2025-06-02 21:37:09',0,13),(3553,'2025-06-02 21:37:09',0.0156255,14),(3554,'2025-06-02 21:37:09',0,15),(3555,'2025-06-02 21:37:09',0,16),(3556,'2025-06-02 21:37:09',0,17),(3557,'2025-06-02 21:37:09',0,18),(3558,'2025-06-02 21:37:09',1,8),(3559,'2025-06-02 21:37:09',0,8),(3560,'2025-06-02 21:37:09',100,3),(3561,'2025-06-02 21:37:10',1,8),(3562,'2025-06-02 21:37:10',100,3),(3563,'2025-06-02 21:37:10',1,8),(3564,'2025-06-02 21:37:10',0,8),(3565,'2025-06-02 21:37:10',100,3),(3566,'2025-06-02 21:37:11',1,8),(3567,'2025-06-02 21:37:11',100,3),(3568,'2025-06-02 21:37:11',1,8),(3569,'2025-06-02 21:37:11',0,8),(3570,'2025-06-02 21:37:11',100,3),(3571,'2025-06-02 21:37:12',1,8),(3572,'2025-06-02 21:37:12',100,3),(3573,'2025-06-02 21:37:13',0,13),(3574,'2025-06-02 21:37:13',0.0156255,14),(3575,'2025-06-02 21:37:13',0,15),(3576,'2025-06-02 21:37:13',0,16),(3577,'2025-06-02 21:37:13',0,17),(3578,'2025-06-02 21:37:13',0,18),(3579,'2025-06-02 21:37:13',1,8),(3580,'2025-06-02 21:37:13',0,8),(3581,'2025-06-02 21:37:13',100,3),(3582,'2025-06-02 21:37:14',1,8),(3583,'2025-06-02 21:37:14',100,3),(3584,'2025-06-02 21:37:14',1,8),(3585,'2025-06-02 21:37:14',0,4),(3586,'2025-06-02 21:37:14',0,8),(3587,'2025-06-02 21:37:14',100,3),(3588,'2025-06-02 21:37:15',1,8),(3589,'2025-06-02 21:37:15',100,3),(3590,'2025-06-02 21:37:15',1,8),(3591,'2025-06-02 21:37:15',100,4),(3592,'2025-06-02 21:37:15',1,7),(3593,'2025-06-02 21:37:15',0,8),(3594,'2025-06-02 21:37:15',100,3),(3595,'2025-06-02 21:37:16',1,8),(3596,'2025-06-02 21:37:16',100,3),(3597,'2025-06-02 21:37:17',0,13),(3598,'2025-06-02 21:37:17',0.0156255,14),(3599,'2025-06-02 21:37:17',0,15),(3600,'2025-06-02 21:37:17',0,16),(3601,'2025-06-02 21:37:17',0,17),(3602,'2025-06-02 21:37:17',0,18),(3603,'2025-06-02 21:37:17',1,8),(3604,'2025-06-02 21:37:17',0,8),(3605,'2025-06-02 21:37:17',100,3),(3606,'2025-06-02 21:37:18',1,8),(3607,'2025-06-02 21:37:18',100,3),(3608,'2025-06-02 21:37:18',1,8),(3609,'2025-06-02 21:37:18',0,8),(3610,'2025-06-02 21:37:18',100,3),(3611,'2025-06-02 21:37:19',1,8),(3612,'2025-06-02 21:37:19',100,3),(3613,'2025-06-02 21:37:19',1,8),(3614,'2025-06-02 21:37:19',0,8),(3615,'2025-06-02 21:37:19',100,3),(3616,'2025-06-02 21:37:20',1,8),(3617,'2025-06-02 21:37:20',100,3),(3618,'2025-06-02 21:37:20',0,13),(3619,'2025-06-02 21:37:20',0.0156255,14),(3620,'2025-06-02 21:37:20',0,15),(3621,'2025-06-02 21:37:20',0,16),(3622,'2025-06-02 21:37:20',0,17),(3623,'2025-06-02 21:37:20',0,18),(3624,'2025-06-02 21:37:20',1,8),(3625,'2025-06-02 21:37:21',0,8),(3626,'2025-06-02 21:37:21',100,3),(3627,'2025-06-02 21:37:21',1,8),(3628,'2025-06-02 21:37:21',100,3),(3629,'2025-06-02 21:37:22',1,8),(3630,'2025-06-02 21:37:22',0,8),(3631,'2025-06-02 21:37:22',100,3),(3632,'2025-06-02 21:37:22',1,8),(3633,'2025-06-02 21:37:22',100,3),(3634,'2025-06-02 21:37:23',1,8),(3635,'2025-06-02 21:37:23',0,8),(3636,'2025-06-02 21:37:23',100,3),(3637,'2025-06-02 21:37:23',1,8),(3638,'2025-06-02 21:37:23',100,3),(3639,'2025-06-02 21:37:24',0,13),(3640,'2025-06-02 21:37:24',0.0156255,14),(3641,'2025-06-02 21:37:24',0,15),(3642,'2025-06-02 21:37:24',0,16),(3643,'2025-06-02 21:37:24',0,17),(3644,'2025-06-02 21:37:24',0,18),(3645,'2025-06-02 21:37:24',1,8),(3646,'2025-06-02 21:37:24',0,8),(3647,'2025-06-02 21:37:24',100,3),(3648,'2025-06-02 21:37:25',1,8),(3649,'2025-06-02 21:37:25',100,3),(3650,'2025-06-02 21:37:25',1,8),(3651,'2025-06-02 21:37:26',0,8),(3652,'2025-06-02 21:37:26',100,3),(3653,'2025-06-02 21:37:26',1,8),(3654,'2025-06-02 21:37:26',100,3),(3655,'2025-06-02 21:37:26',1,8),(3656,'2025-06-02 21:37:27',0,4),(3657,'2025-06-02 21:37:27',100,4),(3658,'2025-06-02 21:37:27',1,7),(3659,'2025-06-02 21:37:27',0,8),(3660,'2025-06-02 21:37:27',100,3),(3661,'2025-06-02 21:37:27',1,8),(3662,'2025-06-02 21:37:27',100,3),(3663,'2025-06-02 21:37:28',0,13),(3664,'2025-06-02 21:37:28',0.0156255,14),(3665,'2025-06-02 21:37:28',0,15),(3666,'2025-06-02 21:37:28',0,16),(3667,'2025-06-02 21:37:28',0,17),(3668,'2025-06-02 21:37:28',0,18),(3669,'2025-06-02 21:37:28',1,8),(3670,'2025-06-02 21:37:28',0,8),(3671,'2025-06-02 21:37:28',100,3),(3672,'2025-06-02 21:37:29',1,8),(3673,'2025-06-02 21:37:29',100,3),(3674,'2025-06-02 21:37:29',1,8),(3675,'2025-06-02 21:37:30',0,8),(3676,'2025-06-02 21:37:30',100,3),(3677,'2025-06-02 21:37:30',1,8),(3678,'2025-06-02 21:37:30',100,3),(3679,'2025-06-02 21:37:30',1,8),(3680,'2025-06-02 21:37:32',0,5),(3681,'2025-06-02 21:37:32',0,12),(3682,'2025-06-02 21:37:32',0,4),(3683,'2025-06-02 21:37:35',100,4),(3684,'2025-06-02 21:37:35',1,7),(3685,'2025-06-02 21:37:36',1,8),(3686,'2025-06-02 21:37:36',100,3),(3687,'2025-06-02 21:37:36',1,8),(3688,'2025-06-02 21:37:38',0,8),(3689,'2025-06-02 21:37:38',100,3),(3690,'2025-06-02 21:37:39',0,13),(3691,'2025-06-02 21:37:39',0.0156255,14),(3692,'2025-06-02 21:37:39',0,15),(3693,'2025-06-02 21:37:39',0,16),(3694,'2025-06-02 21:37:39',0,17),(3695,'2025-06-02 21:37:39',0,18),(3696,'2025-06-02 21:37:39',1,8),(3697,'2025-06-02 21:37:39',100,3),(3698,'2025-06-02 21:37:39',1,8),(3699,'2025-06-02 21:37:39',0,8),(3700,'2025-06-02 21:37:39',100,3),(3701,'2025-06-02 21:37:43',0,13),(3702,'2025-06-02 21:37:43',0.0156255,14),(3703,'2025-06-02 21:37:43',0,15),(3704,'2025-06-02 21:37:43',0,16),(3705,'2025-06-02 21:37:43',0,17),(3706,'2025-06-02 21:37:43',0,18),(3707,'2025-06-02 21:37:46',0,13),(3708,'2025-06-02 21:37:46',0.0156255,14),(3709,'2025-06-02 21:37:46',0,15),(3710,'2025-06-02 21:37:46',0,16),(3711,'2025-06-02 21:37:46',0,17),(3712,'2025-06-02 21:37:46',0,18),(3713,'2025-06-02 21:37:46',0,4),(3714,'2025-06-02 21:37:50',0,13),(3715,'2025-06-02 21:37:50',0,14),(3716,'2025-06-02 21:37:50',0,15),(3717,'2025-06-02 21:37:50',0,16),(3718,'2025-06-02 21:37:50',0,17),(3719,'2025-06-02 21:37:50',0,18),(3720,'2025-06-02 21:37:51',100,4),(3721,'2025-06-02 21:37:51',1,7),(3722,'2025-06-02 21:37:54',0,13),(3723,'2025-06-02 21:37:54',0.0156255,14),(3724,'2025-06-02 21:37:54',0,15),(3725,'2025-06-02 21:37:54',0,16),(3726,'2025-06-02 21:37:54',0,17),(3727,'2025-06-02 21:37:54',0,18),(3728,'2025-06-02 21:37:56',0,5),(3729,'2025-06-02 21:37:56',0,12),(3730,'2025-06-02 21:38:10',0,5),(3731,'2025-06-02 21:38:10',0,12),(3732,'2025-06-02 21:39:05',0,13),(3733,'2025-06-02 21:39:05',0,14),(3734,'2025-06-02 21:39:05',0,15),(3735,'2025-06-02 21:39:05',0,16),(3736,'2025-06-02 21:39:05',0,17),(3737,'2025-06-02 21:39:05',0,18),(3738,'2025-06-02 21:39:08',0,13),(3739,'2025-06-02 21:39:08',0,14),(3740,'2025-06-02 21:39:08',0,15),(3741,'2025-06-02 21:39:08',0,16),(3742,'2025-06-02 21:39:08',0,17),(3743,'2025-06-02 21:39:08',0,18),(3744,'2025-06-02 21:39:12',0,13),(3745,'2025-06-02 21:39:12',0,14),(3746,'2025-06-02 21:39:12',0,15),(3747,'2025-06-02 21:39:12',0,16),(3748,'2025-06-02 21:39:12',0,17),(3749,'2025-06-02 21:39:12',0,18),(3750,'2025-06-02 21:39:16',0,13),(3751,'2025-06-02 21:39:16',0,14),(3752,'2025-06-02 21:39:16',0,15),(3753,'2025-06-02 21:39:16',0,16),(3754,'2025-06-02 21:39:16',0,17),(3755,'2025-06-02 21:39:16',0,18),(3756,'2025-06-02 21:39:20',0,13),(3757,'2025-06-02 21:39:20',0,14),(3758,'2025-06-02 21:39:20',0,15),(3759,'2025-06-02 21:39:20',0,16),(3760,'2025-06-02 21:39:20',0,17),(3761,'2025-06-02 21:39:20',0,18),(3762,'2025-06-02 21:49:00',0,4),(3763,'2025-06-02 21:49:00',0,5),(3764,'2025-06-02 21:49:00',0,12),(3765,'2025-06-02 21:49:03',100,4),(3766,'2025-06-02 21:49:03',1,7),(3767,'2025-06-02 21:49:15',0,4),(3768,'2025-06-02 21:50:06',0,13),(3769,'2025-06-02 21:50:06',0,14),(3770,'2025-06-02 21:50:06',0,15),(3771,'2025-06-02 21:50:06',0,16),(3772,'2025-06-02 21:50:06',0,17),(3773,'2025-06-02 21:50:06',0,18),(3774,'2025-06-02 21:50:09',0,13),(3775,'2025-06-02 21:50:09',0,14),(3776,'2025-06-02 21:50:09',0,15),(3777,'2025-06-02 21:50:09',0,16),(3778,'2025-06-02 21:50:09',0,17),(3779,'2025-06-02 21:50:09',0,18),(3780,'2025-06-02 21:50:13',0,13),(3781,'2025-06-02 21:50:13',0,14),(3782,'2025-06-02 21:50:13',0,15),(3783,'2025-06-02 21:50:13',0,16),(3784,'2025-06-02 21:50:13',0,17),(3785,'2025-06-02 21:50:13',0,18),(3786,'2025-06-02 21:50:17',0,13),(3787,'2025-06-02 21:50:17',0,14),(3788,'2025-06-02 21:50:17',0,15),(3789,'2025-06-02 21:50:17',0,16),(3790,'2025-06-02 21:50:17',0,17),(3791,'2025-06-02 21:50:17',0,18),(3792,'2025-06-02 21:54:48',1,8),(3793,'2025-06-02 21:54:48',100,3),(3794,'2025-06-02 21:54:49',0,8),(3795,'2025-06-02 21:54:49',100,3),(3796,'2025-06-02 21:54:50',1,8),(3797,'2025-06-02 21:54:50',100,3),(3798,'2025-06-02 21:54:51',0,8),(3799,'2025-06-02 21:54:51',100,3),(3800,'2025-06-02 21:55:26',1,8),(3801,'2025-06-02 21:55:26',100,3),(3802,'2025-06-02 21:55:26',0,8),(3803,'2025-06-02 21:55:26',100,3),(3804,'2025-06-02 21:55:26',1,8),(3805,'2025-06-02 21:55:26',100,3),(3806,'2025-06-02 21:55:28',0,8),(3807,'2025-06-02 21:55:28',100,3),(3808,'2025-06-02 21:55:28',1,8),(3809,'2025-06-02 21:55:28',100,3),(3810,'2025-06-02 21:55:28',0,8),(3811,'2025-06-02 21:55:28',100,3),(3812,'2025-06-02 21:55:28',1,8),(3813,'2025-06-02 21:55:28',100,3),(3814,'2025-06-02 21:57:13',1,8),(3815,'2025-06-02 21:57:13',100,3),(3816,'2025-06-02 21:57:13',1,8),(3817,'2025-06-02 21:57:13',0,8),(3818,'2025-06-02 21:57:13',100,3),(3819,'2025-06-02 21:57:14',1,8),(3820,'2025-06-02 21:57:14',100,3),(3821,'2025-06-02 21:57:15',1,8),(3822,'2025-06-02 21:57:15',0,8),(3823,'2025-06-02 21:57:15',100,3),(3824,'2025-06-02 21:57:16',1,8),(3825,'2025-06-02 21:57:16',100,3),(3826,'2025-06-02 21:57:16',1,8),(3827,'2025-06-02 21:57:17',0,8),(3828,'2025-06-02 21:57:17',100,3),(3829,'2025-06-02 21:57:18',1,8),(3830,'2025-06-02 21:57:18',1,8),(3831,'2025-06-02 21:57:18',100,3),(3832,'2025-06-02 21:57:19',0,8),(3833,'2025-06-02 21:57:19',100,3),(3834,'2025-06-02 21:57:19',1,8),(3835,'2025-06-02 21:57:19',100,3),(3836,'2025-06-02 21:57:19',1,8),(3837,'2025-06-02 21:57:20',0,8),(3838,'2025-06-02 21:57:20',100,3),(3839,'2025-06-02 21:57:21',1,8),(3840,'2025-06-02 21:57:21',100,3),(3841,'2025-06-02 21:57:21',1,8),(3842,'2025-06-02 21:57:23',0,8),(3843,'2025-06-02 21:57:23',100,3),(3844,'2025-06-02 21:57:24',1,8),(3845,'2025-06-02 21:57:24',100,3),(3846,'2025-06-02 21:57:25',1,8),(3847,'2025-06-02 21:57:25',0,8),(3848,'2025-06-02 21:57:25',100,3),(3849,'2025-06-02 21:57:27',1,8),(3850,'2025-06-02 21:57:27',1,8),(3851,'2025-06-02 21:57:27',100,3),(3852,'2025-06-02 21:57:28',0,8),(3853,'2025-06-02 21:57:28',100,3),(3854,'2025-06-02 21:57:29',1,8),(3855,'2025-06-02 21:57:29',100,3),(3856,'2025-06-02 21:57:29',1,8),(3857,'2025-06-02 21:57:30',0,8),(3858,'2025-06-02 21:57:30',100,3),(3859,'2025-06-02 21:58:13',0,4),(3860,'2025-06-02 21:58:14',100,4),(3861,'2025-06-02 21:58:14',1,7),(3862,'2025-06-02 21:58:20',0,4),(3863,'2025-06-02 21:58:20',100,4),(3864,'2025-06-02 21:58:20',1,7),(3865,'2025-06-02 21:58:32',0,4),(3866,'2025-06-02 21:58:50',100,4),(3867,'2025-06-02 21:58:50',1,7),(3868,'2025-06-02 21:58:56',0,4),(3869,'2025-06-02 21:58:57',100,4),(3870,'2025-06-02 21:58:57',1,7),(3871,'2025-06-02 21:59:09',0,4),(3872,'2025-06-02 21:59:17',100,4),(3873,'2025-06-02 21:59:17',1,7),(3874,'2025-06-02 21:59:23',0,4),(3875,'2025-06-02 21:59:31',100,4),(3876,'2025-06-02 21:59:31',1,7),(3877,'2025-06-02 21:59:42',0,4),(3878,'2025-06-02 21:59:52',0,4),(3879,'2025-06-02 22:02:34',0,4),(3880,'2025-06-02 22:02:36',100,4),(3881,'2025-06-02 22:02:36',1,7),(3882,'2025-06-02 22:03:03',0,4),(3883,'2025-06-02 22:03:04',100,4),(3884,'2025-06-02 22:03:04',1,7),(3885,'2025-06-02 22:03:10',0,4),(3886,'2025-06-02 22:03:19',100,4),(3887,'2025-06-02 22:03:19',1,7),(3888,'2025-06-02 22:04:47',0,13),(3889,'2025-06-02 22:04:47',0,14),(3890,'2025-06-02 22:04:47',0,15),(3891,'2025-06-02 22:04:47',0,16),(3892,'2025-06-02 22:04:47',0,17),(3893,'2025-06-02 22:04:47',0,18);
/*!40000 ALTER TABLE `component_logs` ENABLE KEYS */;
UNLOCK TABLES;

--
-- Table structure for table `components`
--

DROP TABLE IF EXISTS `components`;
/*!40101 SET @saved_cs_client     = @@character_set_client */;
/*!50503 SET character_set_client = utf8mb4 */;
CREATE TABLE `components` (
  `component_id` int(11) NOT NULL AUTO_INCREMENT,
  `component_name` varchar(45) NOT NULL,
  `value_unit` varchar(45) NOT NULL,
  PRIMARY KEY (`component_id`),
  UNIQUE KEY `component_name_UNIQUE` (`component_name`),
  UNIQUE KEY `component_id_UNIQUE` (`component_id`)
) ENGINE=InnoDB AUTO_INCREMENT=20 DEFAULT CHARSET=utf8mb4 COLLATE=utf8mb4_general_ci;
/*!40101 SET character_set_client = @saved_cs_client */;

--
-- Dumping data for table `components`
--

LOCK TABLES `components` WRITE;
/*!40000 ALTER TABLE `components` DISABLE KEYS */;
INSERT INTO `components` VALUES (1,'heater','power %'),(2,'airco','speed %'),(3,'led_bottom','brightness %'),(4,'led_top','brightness %'),(5,'led_outdoors','brightness %'),(6,'solenoid_lock','locked/unlocked'),(7,'motion_sensor','motion detected'),(8,'button_lights','off/on'),(9,'reed_switch','closed/open'),(10,'rfid','no access/access'),(11,'temp_sensor','temperature range %'),(12,'light_sensor','light intensity range %'),(13,'wh_lighting_lower','wh'),(14,'wh_lighting_upper','wh'),(15,'wh_heater','wh'),(16,'wh_airco','wh'),(17,'wh_in_battery','wh'),(18,'wh_out_battery','wh'),(19,'button_power','off/on');
/*!40000 ALTER TABLE `components` ENABLE KEYS */;
UNLOCK TABLES;

--
-- Table structure for table `inhabitants`
--

DROP TABLE IF EXISTS `inhabitants`;
/*!40101 SET @saved_cs_client     = @@character_set_client */;
/*!50503 SET character_set_client = utf8mb4 */;
CREATE TABLE `inhabitants` (
  `inhabitant_id` int(11) NOT NULL AUTO_INCREMENT,
  `first_name` varchar(45) NOT NULL,
  `last_name` varchar(45) DEFAULT NULL,
  `card_id` varchar(45) NOT NULL,
  PRIMARY KEY (`inhabitant_id`),
  UNIQUE KEY `badge_id_UNIQUE` (`card_id`),
  UNIQUE KEY `inhabitant_id_UNIQUE` (`inhabitant_id`)
) ENGINE=InnoDB AUTO_INCREMENT=5 DEFAULT CHARSET=utf8mb4 COLLATE=utf8mb4_general_ci;
/*!40101 SET character_set_client = @saved_cs_client */;

--
-- Dumping data for table `inhabitants`
--

LOCK TABLES `inhabitants` WRITE;
/*!40000 ALTER TABLE `inhabitants` DISABLE KEYS */;
INSERT INTO `inhabitants` VALUES (1,'Bart','Gekiere','246629489228'),(2,'Els','Verhelst','462700356070');
/*!40000 ALTER TABLE `inhabitants` ENABLE KEYS */;
UNLOCK TABLES;

--
-- Table structure for table `schedule_types`
--

DROP TABLE IF EXISTS `schedule_types`;
/*!40101 SET @saved_cs_client     = @@character_set_client */;
/*!50503 SET character_set_client = utf8mb4 */;
CREATE TABLE `schedule_types` (
  `type_id` int(11) NOT NULL AUTO_INCREMENT,
  `type_name` varchar(45) NOT NULL,
  PRIMARY KEY (`type_id`),
  UNIQUE KEY `type_id_UNIQUE` (`type_id`),
  UNIQUE KEY `type_name_UNIQUE` (`type_name`)
) ENGINE=InnoDB AUTO_INCREMENT=3 DEFAULT CHARSET=utf8mb4 COLLATE=utf8mb4_general_ci;
/*!40101 SET character_set_client = @saved_cs_client */;

--
-- Dumping data for table `schedule_types`
--

LOCK TABLES `schedule_types` WRITE;
/*!40000 ALTER TABLE `schedule_types` DISABLE KEYS */;
INSERT INTO `schedule_types` VALUES (1,'climate_schedule'),(2,'lighting_schedule');
/*!40000 ALTER TABLE `schedule_types` ENABLE KEYS */;
UNLOCK TABLES;

--
-- Table structure for table `schedules`
--

DROP TABLE IF EXISTS `schedules`;
/*!40101 SET @saved_cs_client     = @@character_set_client */;
/*!50503 SET character_set_client = utf8mb4 */;
CREATE TABLE `schedules` (
  `schedule_id` int(11) NOT NULL AUTO_INCREMENT,
  `schedule_name` varchar(45) NOT NULL,
  `start_time` varchar(5) NOT NULL,
  `end_time` varchar(5) NOT NULL,
  `value` float NOT NULL DEFAULT 0,
  `value_unit` varchar(45) NOT NULL,
  `enabled` tinyint(4) NOT NULL DEFAULT 0,
  `type_id` int(11) NOT NULL,
  `component_id` int(11) NOT NULL,
  PRIMARY KEY (`schedule_id`),
  UNIQUE KEY `schedule_id_UNIQUE` (`schedule_id`),
  KEY `fk2_component_id_idx` (`component_id`),
  KEY `fk3_type_id_idx` (`type_id`),
  CONSTRAINT `fk2_component_id` FOREIGN KEY (`component_id`) REFERENCES `components` (`component_id`) ON DELETE NO ACTION ON UPDATE NO ACTION,
  CONSTRAINT `fk3_type_id` FOREIGN KEY (`type_id`) REFERENCES `schedule_types` (`type_id`) ON DELETE NO ACTION ON UPDATE NO ACTION
) ENGINE=InnoDB AUTO_INCREMENT=5 DEFAULT CHARSET=utf8mb4 COLLATE=utf8mb4_general_ci;
/*!40101 SET character_set_client = @saved_cs_client */;

--
-- Dumping data for table `schedules`
--

LOCK TABLES `schedules` WRITE;
/*!40000 ALTER TABLE `schedules` DISABLE KEYS */;
INSERT INTO `schedules` VALUES (1,'heater_schedule','07:00','21:00',26,'temperature degrees',0,1,1),(2,'airco_schedule','06:00','22:00',21,'temperature degrees',0,1,2),(3,'lighting_lower_schedule','22:00','06:00',50,'brightness %',0,2,3),(4,'lighting_upper_schedule','22:00','06:00',50,'brightness %',0,2,4);
/*!40000 ALTER TABLE `schedules` ENABLE KEYS */;
UNLOCK TABLES;

--
-- Dumping events for database 'power_link'
--

--
-- Dumping routines for database 'power_link'
--
/*!40103 SET TIME_ZONE=@OLD_TIME_ZONE */;

/*!40101 SET SQL_MODE=@OLD_SQL_MODE */;
/*!40014 SET FOREIGN_KEY_CHECKS=@OLD_FOREIGN_KEY_CHECKS */;
/*!40014 SET UNIQUE_CHECKS=@OLD_UNIQUE_CHECKS */;
/*!40101 SET CHARACTER_SET_CLIENT=@OLD_CHARACTER_SET_CLIENT */;
/*!40101 SET CHARACTER_SET_RESULTS=@OLD_CHARACTER_SET_RESULTS */;
/*!40101 SET COLLATION_CONNECTION=@OLD_COLLATION_CONNECTION */;
/*!40111 SET SQL_NOTES=@OLD_SQL_NOTES */;

-- Dump completed on 2025-06-02 22:10:44
